fishery_name,combined_type,n,total,prop
Baker summer sockeye 2022,Guided-Bank,0,566,0
Baker summer sockeye 2022,Guided-Boat,9,566,0.015901060070671377
Baker summer sockeye 2022,Unguided-Bank,4,566,0.007067137809187279
Baker summer sockeye 2022,Unguided-Boat,553,566,0.9770318021201413
Baker summer sockeye 2023,Guided-Bank,0,484,0
Baker summer sockeye 2023,Guided-Boat,9,484,0.01859504132231405
Baker summer sockeye 2023,Unguided-Bank,9,484,0.01859504132231405
Baker summer sockeye 2023,Unguided-Boat,466,484,0.9628099173553719
Cascade fall salmon 2021,Guided-Bank,0,106,0
Cascade fall salmon 2021,Guided-Boat,0,106,0
Cascade fall salmon 2021,Unguided-Bank,106,106,1
Cascade fall salmon 2021,Unguided-Boat,0,106,0
Cascade fall salmon 2022,Guided-Bank,0,182,0
Cascade fall salmon 2022,Guided-Boat,0,182,0
Cascade fall salmon 2022,Unguided-Bank,182,182,1
Cascade fall salmon 2022,Unguided-Boat,0,182,0
Cascade fall salmon 2023,Guided-Bank,1,273,0.003663003663003663
Cascade fall salmon 2023,Guided-Boat,0,273,0
Cascade fall salmon 2023,Unguided-Bank,272,273,0.99633699633699635
Cascade fall salmon 2023,Unguided-Boat,0,273,0
Cascade fall salmon 2024,Guided-Bank,0,200,0
Cascade fall salmon 2024,Guided-Boat,0,200,0
Cascade fall salmon 2024,Unguided-Bank,200,200,1
Cascade fall salmon 2024,Unguided-Boat,0,200,0
Cascade spring Chinook 2022,Guided-Bank,0,409,0
Cascade spring Chinook 2022,Guided-Boat,0,409,0
Cascade spring Chinook 2022,Unguided-Bank,409,409,1
Cascade spring Chinook 2022,Unguided-Boat,0,409,0
Cascade spring Chinook 2023,Guided-Bank,0,158,0
Cascade spring Chinook 2023,Guided-Boat,0,158,0
Cascade spring Chinook 2023,Unguided-Bank,158,158,1
Cascade spring Chinook 2023,Unguided-Boat,0,158,0
Cascade spring Chinook 2024,Guided-Bank,0,154,0
Cascade spring Chinook 2024,Guided-Boat,0,154,0
Cascade spring Chinook 2024,Unguided-Bank,154,154,1
Cascade spring Chinook 2024,Unguided-Boat,0,154,0
Cascade winter gamefish 2021-22,Guided-Bank,0,15,0
Cascade winter gamefish 2021-22,Guided-Boat,0,15,0
Cascade winter gamefish 2021-22,Unguided-Bank,15,15,1
Cascade winter gamefish 2021-22,Unguided-Boat,0,15,0
Cascade winter gamefish 2023,Guided-Bank,0,7,0
Cascade winter gamefish 2023,Guided-Boat,0,7,0
Cascade winter gamefish 2023,Unguided-Bank,7,7,1
Cascade winter gamefish 2023,Unguided-Boat,0,7,0
Chehalis salmon 2022,Guided-Bank,0,883,0
Chehalis salmon 2022,Guided-Boat,90,883,0.10192525481313704
Chehalis salmon 2022,Unguided-Bank,94,883,0.10645526613816535
Chehalis salmon 2022,Unguided-Boat,699,883,0.7916194790486977
Chehalis salmon 2024,Guided-Bank,0,1341,0
Chehalis salmon 2024,Guided-Boat,54,1341,0.040268456375838924
Chehalis salmon 2024,Unguided-Bank,448,1341,0.3340790454884415
Chehalis salmon 2024,Unguided-Boat,839,1341,0.6256524981357197
Chehalis salmon 2025,Guided-Bank,1,1355,7.380073800738007e-4
Chehalis salmon 2025,Guided-Boat,77,1355,0.05682656826568266
Chehalis salmon 2025,Unguided-Bank,338,1355,0.24944649446494466
Chehalis salmon 2025,Unguided-Boat,939,1355,0.6929889298892989
Chehalis winter steelhead 2024-25,Guided-Bank,0,377,0
Chehalis winter steelhead 2024-25,Guided-Boat,14,377,0.03713527851458886
Chehalis winter steelhead 2024-25,Unguided-Bank,159,377,0.4217506631299735
Chehalis winter steelhead 2024-25,Unguided-Boat,204,377,0.5411140583554377
Chehalis winter steelhead 2025-26,Guided-Bank,0,57,0
Chehalis winter steelhead 2025-26,Guided-Boat,3,57,0.05263157894736842
Chehalis winter steelhead 2025-26,Unguided-Bank,11,57,0.19298245614035087
Chehalis winter steelhead 2025-26,Unguided-Boat,43,57,0.7543859649122807
Drano Lake salmon and steelhead 2023,Guided-Bank,0,979,0
Drano Lake salmon and steelhead 2023,Guided-Boat,118,979,0.1205311542390194
Drano Lake salmon and steelhead 2023,Unguided-Bank,101,979,0.10316649642492338
Drano Lake salmon and steelhead 2023,Unguided-Boat,760,979,0.7763023493360572
Drano Lake salmon and steelhead 2024,Guided-Bank,1,1010,9.900990099009901e-4
Drano Lake salmon and steelhead 2024,Guided-Boat,119,1010,0.11782178217821782
Drano Lake salmon and steelhead 2024,Unguided-Bank,155,1010,0.15346534653465346
Drano Lake salmon and steelhead 2024,Unguided-Boat,735,1010,0.7277227722772277
Drano Lake salmon and steelhead 2025,Guided-Bank,0,966,0
Drano Lake salmon and steelhead 2025,Guided-Boat,122,966,0.12629399585921325
Drano Lake salmon and steelhead 2025,Unguided-Bank,249,966,0.2577639751552795
Drano Lake salmon and steelhead 2025,Unguided-Boat,595,966,0.6159420289855072
Drano Lake salmon and steelhead 2026,Guided-Bank,0,70,0
Drano Lake salmon and steelhead 2026,Guided-Boat,0,70,0
Drano Lake salmon and steelhead 2026,Unguided-Bank,16,70,0.22857142857142856
Drano Lake salmon and steelhead 2026,Unguided-Boat,54,70,0.7714285714285715
Drano Lake spring Chinook 2026,Guided-Bank,0,833,0
Drano Lake spring Chinook 2026,Guided-Boat,145,833,0.17406962785114047
Drano Lake spring Chinook 2026,Unguided-Bank,174,833,0.20888355342136855
Drano Lake spring Chinook 2026,Unguided-Boat,514,833,0.617046818727491
Hoh fall salmon 2023,Guided-Bank,2,62,0.03225806451612903
Hoh fall salmon 2023,Guided-Boat,10,62,0.16129032258064516
Hoh fall salmon 2023,Unguided-Bank,40,62,0.6451612903225806
Hoh fall salmon 2023,Unguided-Boat,10,62,0.16129032258064516
Hoh fall salmon 2025,Guided-Bank,0,214,0
Hoh fall salmon 2025,Guided-Boat,50,214,0.2336448598130841
Hoh fall salmon 2025,Unguided-Bank,113,214,0.5280373831775701
Hoh fall salmon 2025,Unguided-Boat,51,214,0.2383177570093458
Hoh winter steelhead 2022-23,Guided-Bank,175,666,0.2627627627627628
Hoh winter steelhead 2022-23,Guided-Boat,6,666,0.009009009009009009
Hoh winter steelhead 2022-23,Unguided-Bank,480,666,0.7207207207207207
Hoh winter steelhead 2022-23,Unguided-Boat,5,666,0.0075075075075075074
Hoh winter steelhead 2023-24,Guided-Bank,105,756,0.1388888888888889
Hoh winter steelhead 2023-24,Guided-Boat,115,756,0.15211640211640212
Hoh winter steelhead 2023-24,Unguided-Bank,436,756,0.5767195767195767
Hoh winter steelhead 2023-24,Unguided-Boat,100,756,0.13227513227513227
Hoh winter steelhead 2024-25,Guided-Bank,73,553,0.13200723327305605
Hoh winter steelhead 2024-25,Guided-Boat,115,553,0.20795660036166366
Hoh winter steelhead 2024-25,Unguided-Bank,265,553,0.47920433996383366
Hoh winter steelhead 2024-25,Unguided-Boat,100,553,0.18083182640144665
Hoh winter steelhead 2025-26,Guided-Bank,66,771,0.08560311284046693
Hoh winter steelhead 2025-26,Guided-Boat,183,771,0.23735408560311283
Hoh winter steelhead 2025-26,Unguided-Bank,395,771,0.5123216601815823
Hoh winter steelhead 2025-26,Unguided-Boat,127,771,0.16472114137483787
Humptulips salmon 2020,Guided-Bank,0,845,0
Humptulips salmon 2020,Guided-Boat,153,845,0.18106508875739644
Humptulips salmon 2020,Unguided-Bank,442,845,0.5230769230769231
Humptulips salmon 2020,Unguided-Boat,250,845,0.2958579881656805
Humptulips salmon 2021,Guided-Bank,1,723,0.0013831258644536654
Humptulips salmon 2021,Guided-Boat,94,723,0.13001383125864455
Humptulips salmon 2021,Unguided-Bank,384,723,0.5311203319502075
Humptulips salmon 2021,Unguided-Boat,244,723,0.33748271092669435
Humptulips salmon 2022,Guided-Bank,1,669,0.0014947683109118087
Humptulips salmon 2022,Guided-Boat,50,669,0.07473841554559044
Humptulips salmon 2022,Unguided-Bank,450,669,0.672645739910314
Humptulips salmon 2022,Unguided-Boat,168,669,0.25112107623318386
Humptulips salmon 2023,Guided-Bank,4,868,0.004608294930875576
Humptulips salmon 2023,Guided-Boat,69,868,0.07949308755760369
Humptulips salmon 2023,Unguided-Bank,563,868,0.6486175115207373
Humptulips salmon 2023,Unguided-Boat,232,868,0.2672811059907834
Humptulips salmon 2024,Guided-Bank,3,901,0.003329633740288568
Humptulips salmon 2024,Guided-Boat,64,901,0.07103218645948946
Humptulips salmon 2024,Unguided-Bank,644,901,0.7147613762486127
Humptulips salmon 2024,Unguided-Boat,190,901,0.21087680355160932
Humptulips salmon 2025,Guided-Bank,2,910,0.002197802197802198
Humptulips salmon 2025,Guided-Boat,40,910,0.04395604395604396
Humptulips salmon 2025,Unguided-Bank,691,910,0.7593406593406593
Humptulips salmon 2025,Unguided-Boat,177,910,0.1945054945054945
Humptulips winter steelhead 2024-25,Guided-Bank,1,365,0.0027397260273972603
Humptulips winter steelhead 2024-25,Guided-Boat,13,365,0.03561643835616438
Humptulips winter steelhead 2024-25,Unguided-Bank,307,365,0.8410958904109589
Humptulips winter steelhead 2024-25,Unguided-Boat,44,365,0.12054794520547946
Humptulips winter steelhead 2025-26,Guided-Bank,1,535,0.001869158878504673
Humptulips winter steelhead 2025-26,Guided-Boat,16,535,0.029906542056074768
Humptulips winter steelhead 2025-26,Unguided-Bank,454,535,0.8485981308411215
Humptulips winter steelhead 2025-26,Unguided-Boat,64,535,0.11962616822429907
Lower Chehalis salmon 2023,Guided-Bank,0,743,0
Lower Chehalis salmon 2023,Guided-Boat,9,743,0.012113055181695828
Lower Chehalis salmon 2023,Unguided-Bank,227,743,0.30551816958277256
Lower Chehalis salmon 2023,Unguided-Boat,507,743,0.6823687752355316
Lower Cowlitz salmon and steelhead 2022-23,Guided-Bank,0,309,0
Lower Cowlitz salmon and steelhead 2022-23,Guided-Boat,119,309,0.3851132686084142
Lower Cowlitz salmon and steelhead 2022-23,Unguided-Bank,26,309,0.08414239482200647
Lower Cowlitz salmon and steelhead 2022-23,Unguided-Boat,164,309,0.5307443365695793
Lower Cowlitz salmon and steelhead 2023-24,Guided-Bank,4,1816,0.0022026431718061676
Lower Cowlitz salmon and steelhead 2023-24,Guided-Boat,259,1816,0.14262114537444934
Lower Cowlitz salmon and steelhead 2023-24,Unguided-Bank,1341,1816,0.7384361233480177
Lower Cowlitz salmon and steelhead 2023-24,Unguided-Boat,212,1816,0.11674008810572688
Naselle winter steelhead 2022,Guided-Bank,0,166,0
Naselle winter steelhead 2022,Guided-Boat,2,166,0.012048192771084338
Naselle winter steelhead 2022,Unguided-Bank,162,166,0.9759036144578314
Naselle winter steelhead 2022,Unguided-Boat,2,166,0.012048192771084338
Naselle winter steelhead 2022-23,Guided-Bank,0,201,0
Naselle winter steelhead 2022-23,Guided-Boat,0,201,0
Naselle winter steelhead 2022-23,Unguided-Bank,201,201,1
Naselle winter steelhead 2022-23,Unguided-Boat,0,201,0
Naselle winter steelhead 2023-24,Guided-Bank,2,311,0.006430868167202572
Naselle winter steelhead 2023-24,Guided-Boat,3,311,0.00964630225080386
Naselle winter steelhead 2023-24,Unguided-Bank,270,311,0.8681672025723473
Naselle winter steelhead 2023-24,Unguided-Boat,36,311,0.1157556270096463
Nooksack fall salmon 2023,Guided-Bank,0,27,0
Nooksack fall salmon 2023,Guided-Boat,0,27,0
Nooksack fall salmon 2023,Unguided-Bank,23,27,0.8518518518518519
Nooksack fall salmon 2023,Unguided-Boat,4,27,0.14814814814814814
Nooksack fall salmon 2024,Guided-Bank,0,58,0
Nooksack fall salmon 2024,Guided-Boat,0,58,0
Nooksack fall salmon 2024,Unguided-Bank,55,58,0.9482758620689655
Nooksack fall salmon 2024,Unguided-Boat,3,58,0.05172413793103448
Nooksack spring Chinook 2022,Guided-Bank,0,160,0
Nooksack spring Chinook 2022,Guided-Boat,0,160,0
Nooksack spring Chinook 2022,Unguided-Bank,156,160,0.975
Nooksack spring Chinook 2022,Unguided-Boat,4,160,0.025
Nooksack spring Chinook 2026,Guided-Bank,0,236,0
Nooksack spring Chinook 2026,Guided-Boat,2,236,0.00847457627118644
Nooksack spring Chinook 2026,Unguided-Bank,212,236,0.8983050847457628
Nooksack spring Chinook 2026,Unguided-Boat,22,236,0.09322033898305085
Nooksack winter gamefish 2021-22,Guided-Bank,0,254,0
Nooksack winter gamefish 2021-22,Guided-Boat,0,254,0
Nooksack winter gamefish 2021-22,Unguided-Bank,208,254,0.8188976377952756
Nooksack winter gamefish 2021-22,Unguided-Boat,46,254,0.18110236220472442
Nooksack winter gamefish 2022-23,Guided-Bank,2,293,0.006825938566552901
Nooksack winter gamefish 2022-23,Guided-Boat,1,293,0.0034129692832764505
Nooksack winter gamefish 2022-23,Unguided-Bank,248,293,0.8464163822525598
Nooksack winter gamefish 2022-23,Unguided-Boat,42,293,0.14334470989761092
Post Quillayute winter steelhead 2023-24,Guided-Bank,45,339,0.13274336283185842
Post Quillayute winter steelhead 2023-24,Guided-Boat,118,339,0.3480825958702065
Post Quillayute winter steelhead 2023-24,Unguided-Bank,78,339,0.23008849557522124
Post Quillayute winter steelhead 2023-24,Unguided-Boat,98,339,0.2890855457227139
Pre Quillayute winter steelhead 2023-24,Guided-Bank,15,125,0.12
Pre Quillayute winter steelhead 2023-24,Guided-Boat,40,125,0.32
Pre Quillayute winter steelhead 2023-24,Unguided-Bank,45,125,0.36
Pre Quillayute winter steelhead 2023-24,Unguided-Boat,25,125,0.2
Puyallup Carbon salmon 2024,Guided-Bank,0,1,0
Puyallup Carbon salmon 2024,Guided-Boat,0,1,0
Puyallup Carbon salmon 2024,Unguided-Bank,0,1,0
Puyallup Carbon salmon 2024,Unguided-Boat,1,1,1
Queets winter steelhead 2024-25,Guided-Bank,2,59,0.03389830508474576
Queets winter steelhead 2024-25,Guided-Boat,5,59,0.0847457627118644
Queets winter steelhead 2024-25,Unguided-Bank,36,59,0.6101694915254238
Queets winter steelhead 2024-25,Unguided-Boat,16,59,0.2711864406779661
Queets winter steelhead 2025-26,Guided-Bank,3,40,0.075
Queets winter steelhead 2025-26,Guided-Boat,2,40,0.05
Queets winter steelhead 2025-26,Unguided-Bank,27,40,0.675
Queets winter steelhead 2025-26,Unguided-Boat,8,40,0.2
Quillayute fall salmon 2022,Guided-Bank,4,379,0.010554089709762533
Quillayute fall salmon 2022,Guided-Boat,47,379,0.12401055408970976
Quillayute fall salmon 2022,Unguided-Bank,228,379,0.6015831134564644
Quillayute fall salmon 2022,Unguided-Boat,100,379,0.2638522427440633
Quillayute fall salmon 2023,Guided-Bank,0,317,0
Quillayute fall salmon 2023,Guided-Boat,31,317,0.09779179810725552
Quillayute fall salmon 2023,Unguided-Bank,220,317,0.694006309148265
Quillayute fall salmon 2023,Unguided-Boat,66,317,0.2082018927444795
Quillayute fall salmon 2024,Guided-Bank,6,662,0.00906344410876133
Quillayute fall salmon 2024,Guided-Boat,96,662,0.14501510574018128
Quillayute fall salmon 2024,Unguided-Bank,420,662,0.6344410876132931
Quillayute fall salmon 2024,Unguided-Boat,140,662,0.21148036253776434
Quillayute fall salmon 2025,Guided-Bank,3,606,0.0049504950495049506
Quillayute fall salmon 2025,Guided-Boat,65,606,0.10726072607260725
Quillayute fall salmon 2025,Unguided-Bank,401,606,0.6617161716171617
Quillayute fall salmon 2025,Unguided-Boat,137,606,0.22607260726072606
Quillayute spring chinook 2025,Guided-Bank,2,140,0.014285714285714285
Quillayute spring chinook 2025,Guided-Boat,49,140,0.35
Quillayute spring chinook 2025,Unguided-Bank,56,140,0.4
Quillayute spring chinook 2025,Unguided-Boat,33,140,0.2357142857142857
Quillayute spring chinook 2026,Guided-Bank,2,133,0.015037593984962405
Quillayute spring chinook 2026,Guided-Boat,27,133,0.20300751879699247
Quillayute spring chinook 2026,Unguided-Bank,68,133,0.5112781954887218
Quillayute spring chinook 2026,Unguided-Boat,36,133,0.2706766917293233
Quillayute winter steelhead 2022-23,Guided-Bank,47,248,0.18951612903225806
Quillayute winter steelhead 2022-23,Guided-Boat,65,248,0.2620967741935484
Quillayute winter steelhead 2022-23,Unguided-Bank,98,248,0.3951612903225806
Quillayute winter steelhead 2022-23,Unguided-Boat,38,248,0.1532258064516129
Quillayute winter steelhead 2024-25,Guided-Bank,75,751,0.09986684420772303
Quillayute winter steelhead 2024-25,Guided-Boat,191,751,0.25432756324900135
Quillayute winter steelhead 2024-25,Unguided-Bank,350,751,0.46604527296937415
Quillayute winter steelhead 2024-25,Unguided-Boat,135,751,0.17976031957390146
Quillayute winter steelhead 2025-26,Guided-Bank,72,1074,0.0670391061452514
Quillayute winter steelhead 2025-26,Guided-Boat,214,1074,0.19925512104283055
Quillayute winter steelhead 2025-26,Unguided-Bank,583,1074,0.542830540037244
Quillayute winter steelhead 2025-26,Unguided-Boat,205,1074,0.1908752327746741
Quinault winter steelhead 2024-25,Guided-Bank,1,46,0.021739130434782608
Quinault winter steelhead 2024-25,Guided-Boat,9,46,0.1956521739130435
Quinault winter steelhead 2024-25,Unguided-Bank,27,46,0.5869565217391305
Quinault winter steelhead 2024-25,Unguided-Boat,9,46,0.1956521739130435
Quinault winter steelhead 2025-26,Guided-Bank,0,20,0
Quinault winter steelhead 2025-26,Guided-Boat,0,20,0
Quinault winter steelhead 2025-26,Unguided-Bank,16,20,0.8
Quinault winter steelhead 2025-26,Unguided-Boat,4,20,0.2
Satsop salmon 2022,Guided-Bank,0,327,0
Satsop salmon 2022,Guided-Boat,5,327,0.01529051987767584
Satsop salmon 2022,Unguided-Bank,229,327,0.7003058103975535
Satsop salmon 2022,Unguided-Boat,93,327,0.28440366972477066
Satsop salmon 2023,Guided-Bank,0,367,0
Satsop salmon 2023,Guided-Boat,8,367,0.021798365122615803
Satsop salmon 2023,Unguided-Bank,262,367,0.7138964577656676
Satsop salmon 2023,Unguided-Boat,97,367,0.26430517711171664
Satsop salmon 2024,Guided-Bank,0,475,0
Satsop salmon 2024,Guided-Boat,9,475,0.018947368421052633
Satsop salmon 2024,Unguided-Bank,341,475,0.7178947368421053
Satsop salmon 2024,Unguided-Boat,125,475,0.2631578947368421
Satsop salmon 2025,Guided-Bank,0,330,0
Satsop salmon 2025,Guided-Boat,19,330,0.05757575757575758
Satsop salmon 2025,Unguided-Bank,210,330,0.6363636363636364
Satsop salmon 2025,Unguided-Boat,101,330,0.30606060606060603
Satsop winter steelhead 2024-25,Guided-Bank,0,342,0
Satsop winter steelhead 2024-25,Guided-Boat,11,342,0.03216374269005848
Satsop winter steelhead 2024-25,Unguided-Bank,181,342,0.5292397660818714
Satsop winter steelhead 2024-25,Unguided-Boat,150,342,0.43859649122807015
Satsop winter steelhead 2025-26,Guided-Bank,0,161,0
Satsop winter steelhead 2025-26,Guided-Boat,11,161,0.06832298136645963
Satsop winter steelhead 2025-26,Unguided-Bank,88,161,0.546583850931677
Satsop winter steelhead 2025-26,Unguided-Boat,62,161,0.38509316770186336
Skagit fall salmon 2021,Guided-Bank,0,891,0
Skagit fall salmon 2021,Guided-Boat,11,891,0.012345679012345678
Skagit fall salmon 2021,Unguided-Bank,558,891,0.6262626262626263
Skagit fall salmon 2021,Unguided-Boat,322,891,0.3613916947250281
Skagit fall salmon 2022,Guided-Bank,2,1673,0.001195457262402869
Skagit fall salmon 2022,Guided-Boat,49,1673,0.029288702928870293
Skagit fall salmon 2022,Unguided-Bank,700,1673,0.41841004184100417
Skagit fall salmon 2022,Unguided-Boat,922,1673,0.5511057979677226
Skagit fall salmon 2023,Guided-Bank,5,2677,0.0018677624206200972
Skagit fall salmon 2023,Guided-Boat,43,2677,0.016062756817332834
Skagit fall salmon 2023,Unguided-Bank,1687,2677,0.6301830407172208
Skagit fall salmon 2023,Unguided-Boat,942,2677,0.3518864400448263
Skagit fall salmon 2024,Guided-Bank,4,1779,0.0022484541877459247
Skagit fall salmon 2024,Guided-Boat,29,1779,0.016301292861157952
Skagit fall salmon 2024,Unguided-Bank,1065,1779,0.5986509274873525
Skagit fall salmon 2024,Unguided-Boat,681,1779,0.3827993254637437
Skagit fall salmon 2025,Guided-Bank,10,2633,0.0037979491074819596
Skagit fall salmon 2025,Guided-Boat,61,2633,0.023167489555639954
Skagit fall salmon 2025,Unguided-Bank,1863,2633,0.7075579187238891
Skagit fall salmon 2025,Unguided-Boat,699,2633,0.265476642612989
Skagit spring Chinook 2021 lower,Guided-Bank,0,121,0
Skagit spring Chinook 2021 lower,Guided-Boat,0,121,0
Skagit spring Chinook 2021 lower,Unguided-Bank,87,121,0.71900826446281
Skagit spring Chinook 2021 lower,Unguided-Boat,34,121,0.2809917355371901
Skagit spring Chinook 2022 lower,Guided-Bank,0,336,0
Skagit spring Chinook 2022 lower,Guided-Boat,0,336,0
Skagit spring Chinook 2022 lower,Unguided-Bank,281,336,0.8363095238095238
Skagit spring Chinook 2022 lower,Unguided-Boat,55,336,0.1636904761904762
Skagit spring Chinook 2022 upper,Guided-Bank,0,110,0
Skagit spring Chinook 2022 upper,Guided-Boat,10,110,0.09090909090909091
Skagit spring Chinook 2022 upper,Unguided-Bank,84,110,0.7636363636363637
Skagit spring Chinook 2022 upper,Unguided-Boat,16,110,0.14545454545454545
Skagit spring Chinook 2023 lower,Guided-Bank,0,180,0
Skagit spring Chinook 2023 lower,Guided-Boat,0,180,0
Skagit spring Chinook 2023 lower,Unguided-Bank,127,180,0.7055555555555556
Skagit spring Chinook 2023 lower,Unguided-Boat,53,180,0.29444444444444445
Skagit spring Chinook 2023 upper,Guided-Bank,1,127,0.007874015748031496
Skagit spring Chinook 2023 upper,Guided-Boat,9,127,0.07086614173228346
Skagit spring Chinook 2023 upper,Unguided-Bank,87,127,0.6850393700787402
Skagit spring Chinook 2023 upper,Unguided-Boat,30,127,0.23622047244094488
Skagit spring Chinook 2024 lower,Guided-Bank,0,330,0
Skagit spring Chinook 2024 lower,Guided-Boat,0,330,0
Skagit spring Chinook 2024 lower,Unguided-Bank,226,330,0.6848484848484848
Skagit spring Chinook 2024 lower,Unguided-Boat,104,330,0.3151515151515151
Skagit spring Chinook 2024 upper,Guided-Bank,0,365,0
Skagit spring Chinook 2024 upper,Guided-Boat,8,365,0.021917808219178082
Skagit spring Chinook 2024 upper,Unguided-Bank,329,365,0.9013698630136986
Skagit spring Chinook 2024 upper,Unguided-Boat,28,365,0.07671232876712329
Skagit spring Chinook 2025 lower,Guided-Bank,1,163,0.006134969325153374
Skagit spring Chinook 2025 lower,Guided-Boat,0,163,0
Skagit spring Chinook 2025 lower,Unguided-Bank,110,163,0.6748466257668712
Skagit spring Chinook 2025 lower,Unguided-Boat,52,163,0.31901840490797545
Skagit spring Chinook 2025 upper,Guided-Bank,1,413,0.002421307506053269
Skagit spring Chinook 2025 upper,Guided-Boat,10,413,0.024213075060532687
Skagit spring Chinook 2025 upper,Unguided-Bank,367,413,0.8886198547215496
Skagit spring Chinook 2025 upper,Unguided-Boat,35,413,0.0847457627118644
Skagit spring Chinook 2026 lower,Guided-Bank,0,242,0
Skagit spring Chinook 2026 lower,Guided-Boat,1,242,0.004132231404958678
Skagit spring Chinook 2026 lower,Unguided-Bank,135,242,0.5578512396694215
Skagit spring Chinook 2026 lower,Unguided-Boat,106,242,0.4380165289256198
Skagit spring Chinook 2026 upper,Guided-Bank,1,289,0.0034602076124567475
Skagit spring Chinook 2026 upper,Guided-Boat,14,289,0.04844290657439446
Skagit spring Chinook 2026 upper,Unguided-Bank,217,289,0.7508650519031141
Skagit spring Chinook 2026 upper,Unguided-Boat,57,289,0.1972318339100346
Skagit spring gamefish 2025,Guided-Bank,0,2,0
Skagit spring gamefish 2025,Guided-Boat,0,2,0
Skagit spring gamefish 2025,Unguided-Bank,1,2,0.5
Skagit spring gamefish 2025,Unguided-Boat,1,2,0.5
Skagit summer gamefish 2022,Guided-Bank,0,77,0
Skagit summer gamefish 2022,Guided-Boat,2,77,0.025974025974025976
Skagit summer gamefish 2022,Unguided-Bank,60,77,0.7792207792207793
Skagit summer gamefish 2022,Unguided-Boat,15,77,0.19480519480519481
Skagit summer gamefish 2024,Guided-Bank,0,41,0
Skagit summer gamefish 2024,Guided-Boat,0,41,0
Skagit summer gamefish 2024,Unguided-Bank,29,41,0.7073170731707317
Skagit summer gamefish 2024,Unguided-Boat,12,41,0.2926829268292683
Skagit summer sockeye 2022,Guided-Bank,0,521,0
Skagit summer sockeye 2022,Guided-Boat,0,521,0
Skagit summer sockeye 2022,Unguided-Bank,443,521,0.8502879078694817
Skagit summer sockeye 2022,Unguided-Boat,78,521,0.14971209213051823
Skagit summer sockeye 2023,Guided-Bank,0,216,0
Skagit summer sockeye 2023,Guided-Boat,5,216,0.023148148148148147
Skagit summer sockeye 2023,Unguided-Bank,176,216,0.8148148148148148
Skagit summer sockeye 2023,Unguided-Boat,35,216,0.16203703703703703
Skagit summer sockeye 2024,Guided-Bank,0,709,0
Skagit summer sockeye 2024,Guided-Boat,5,709,0.007052186177715092
Skagit summer sockeye 2024,Unguided-Bank,550,709,0.7757404795486601
Skagit summer sockeye 2024,Unguided-Boat,154,709,0.21720733427362482
Skagit summer sockeye 2025,Guided-Bank,0,607,0
Skagit summer sockeye 2025,Guided-Boat,2,607,0.0032948929159802307
Skagit summer sockeye 2025,Unguided-Bank,394,607,0.6490939044481054
Skagit summer sockeye 2025,Unguided-Boat,211,607,0.34761120263591433
Skagit summer sockeye 2026,Guided-Bank,0,483,0
Skagit summer sockeye 2026,Guided-Boat,8,483,0.016563146997929608
Skagit summer sockeye 2026,Unguided-Bank,289,483,0.598343685300207
Skagit summer sockeye 2026,Unguided-Boat,186,483,0.38509316770186336
Skagit winter gamefish 2021-22,Guided-Bank,3,141,0.02127659574468085
Skagit winter gamefish 2021-22,Guided-Boat,2,141,0.014184397163120567
Skagit winter gamefish 2021-22,Unguided-Bank,101,141,0.7163120567375887
Skagit winter gamefish 2021-22,Unguided-Boat,35,141,0.24822695035460993
Skagit winter gamefish 2022-23,Guided-Bank,2,248,0.008064516129032258
Skagit winter gamefish 2022-23,Guided-Boat,2,248,0.008064516129032258
Skagit winter gamefish 2022-23,Unguided-Bank,185,248,0.7459677419354839
Skagit winter gamefish 2022-23,Unguided-Boat,59,248,0.23790322580645162
Skagit winter gamefish 2024,Guided-Bank,0,70,0
Skagit winter gamefish 2024,Guided-Boat,1,70,0.014285714285714285
Skagit winter gamefish 2024,Unguided-Bank,58,70,0.8285714285714286
Skagit winter gamefish 2024,Unguided-Boat,11,70,0.15714285714285714
Skagit winter gamefish 2025,Guided-Bank,1,94,0.010638297872340425
Skagit winter gamefish 2025,Guided-Boat,0,94,0
Skagit winter gamefish 2025,Unguided-Bank,71,94,0.7553191489361702
Skagit winter gamefish 2025,Unguided-Boat,22,94,0.23404255319148937
Skagit winter steelhead 2021,Guided-Bank,5,1860,0.002688172043010753
Skagit winter steelhead 2021,Guided-Boat,128,1860,0.06881720430107527
Skagit winter steelhead 2021,Unguided-Bank,904,1860,0.4860215053763441
Skagit winter steelhead 2021,Unguided-Boat,823,1860,0.44247311827956987
Skagit winter steelhead 2023,Guided-Bank,10,725,0.013793103448275862
Skagit winter steelhead 2023,Guided-Boat,22,725,0.030344827586206897
Skagit winter steelhead 2023,Unguided-Bank,476,725,0.6565517241379311
Skagit winter steelhead 2023,Unguided-Boat,217,725,0.29931034482758623
Skagit winter steelhead 2024,Guided-Bank,21,1223,0.017170891251022075
Skagit winter steelhead 2024,Guided-Boat,74,1223,0.06050695012264922
Skagit winter steelhead 2024,Unguided-Bank,751,1223,0.6140637775960752
Skagit winter steelhead 2024,Unguided-Boat,377,1223,0.3082583810302535
Skagit winter steelhead 2025,Guided-Bank,24,1165,0.020600858369098713
Skagit winter steelhead 2025,Guided-Boat,82,1165,0.0703862660944206
Skagit winter steelhead 2025,Unguided-Bank,716,1165,0.6145922746781116
Skagit winter steelhead 2025,Unguided-Boat,343,1165,0.2944206008583691
Skookumchuck winter steelhead 2024-25,Guided-Bank,0,476,0
Skookumchuck winter steelhead 2024-25,Guided-Boat,0,476,0
Skookumchuck winter steelhead 2024-25,Unguided-Bank,475,476,0.9978991596638656
Skookumchuck winter steelhead 2024-25,Unguided-Boat,1,476,0.0021008403361344537
Skookumchuck winter steelhead 2025-26,Guided-Bank,0,241,0
Skookumchuck winter steelhead 2025-26,Guided-Boat,0,241,0
Skookumchuck winter steelhead 2025-26,Unguided-Bank,241,241,1
Skookumchuck winter steelhead 2025-26,Unguided-Boat,0,241,0
Skykomish summer Chinook 2020,Guided-Bank,0,61,0
Skykomish summer Chinook 2020,Guided-Boat,35,61,0.5737704918032787
Skykomish summer Chinook 2020,Unguided-Bank,8,61,0.13114754098360656
Skykomish summer Chinook 2020,Unguided-Boat,18,61,0.29508196721311475
Skykomish summer Chinook 2021,Guided-Bank,0,148,0
Skykomish summer Chinook 2021,Guided-Boat,47,148,0.31756756756756754
Skykomish summer Chinook 2021,Unguided-Bank,17,148,0.11486486486486487
Skykomish summer Chinook 2021,Unguided-Boat,84,148,0.5675675675675675
Skykomish summer Chinook and gamefish 2022,Guided-Bank,1,724,0.0013812154696132596
Skykomish summer Chinook and gamefish 2022,Guided-Boat,65,724,0.08977900552486189
Skykomish summer Chinook and gamefish 2022,Unguided-Bank,458,724,0.6325966850828729
Skykomish summer Chinook and gamefish 2022,Unguided-Boat,200,724,0.27624309392265195
Skykomish summer Chinook and gamefish 2025,Guided-Bank,0,250,0
Skykomish summer Chinook and gamefish 2025,Guided-Boat,12,250,0.048
Skykomish summer Chinook and gamefish 2025,Unguided-Bank,183,250,0.732
Skykomish summer Chinook and gamefish 2025,Unguided-Boat,55,250,0.22
Skykomish winter gamefish 2021-22,Guided-Bank,0,248,0
Skykomish winter gamefish 2021-22,Guided-Boat,0,248,0
Skykomish winter gamefish 2021-22,Unguided-Bank,247,248,0.9959677419354839
Skykomish winter gamefish 2021-22,Unguided-Boat,1,248,0.004032258064516129
Skykomish winter gamefish 2022-23,Guided-Bank,0,1,0
Skykomish winter gamefish 2022-23,Guided-Boat,0,1,0
Skykomish winter gamefish 2022-23,Unguided-Bank,1,1,1
Skykomish winter gamefish 2022-23,Unguided-Boat,0,1,0
Snohomish fall salmon 2021,Guided-Bank,0,618,0
Snohomish fall salmon 2021,Guided-Boat,5,618,0.008090614886731391
Snohomish fall salmon 2021,Unguided-Bank,295,618,0.4773462783171521
Snohomish fall salmon 2021,Unguided-Boat,318,618,0.5145631067961165
Snohomish fall salmon 2023,Guided-Bank,0,13,0
Snohomish fall salmon 2023,Guided-Boat,13,13,1
Snohomish fall salmon 2023,Unguided-Bank,0,13,0
Snohomish fall salmon 2023,Unguided-Boat,0,13,0
Snohomish fall salmon 2024,Guided-Bank,0,5,0
Snohomish fall salmon 2024,Guided-Boat,5,5,1
Snohomish fall salmon 2024,Unguided-Bank,0,5,0
Snohomish fall salmon 2024,Unguided-Boat,0,5,0
Snohomish fall salmon 2025,Guided-Bank,1,1272,7.861635220125787e-4
Snohomish fall salmon 2025,Guided-Boat,11,1272,0.008647798742138365
Snohomish fall salmon 2025,Unguided-Bank,854,1272,0.6713836477987422
Snohomish fall salmon 2025,Unguided-Boat,406,1272,0.3191823899371069
South Fork Willapa winter steelhead 2022-23,Guided-Bank,0,12,0
South Fork Willapa winter steelhead 2022-23,Guided-Boat,0,12,0
South Fork Willapa winter steelhead 2022-23,Unguided-Bank,12,12,1
South Fork Willapa winter steelhead 2022-23,Unguided-Boat,0,12,0
South Fork Willapa winter steelhead 2023-24,Guided-Bank,0,17,0
South Fork Willapa winter steelhead 2023-24,Guided-Boat,0,17,0
South Fork Willapa winter steelhead 2023-24,Unguided-Bank,17,17,1
South Fork Willapa winter steelhead 2023-24,Unguided-Boat,0,17,0
Stillaguamish salmon and gamefish 2024-25,Guided-Bank,1,1,1
Stillaguamish salmon and gamefish 2024-25,Guided-Boat,0,1,0
Stillaguamish salmon and gamefish 2024-25,Unguided-Bank,0,1,0
Stillaguamish salmon and gamefish 2024-25,Unguided-Boat,0,1,0
Stillaguamish salmon and gamefish 2025-26,Guided-Bank,0,645,0
Stillaguamish salmon and gamefish 2025-26,Guided-Boat,0,645,0
Stillaguamish salmon and gamefish 2025-26,Unguided-Bank,632,645,0.9798449612403101
Stillaguamish salmon and gamefish 2025-26,Unguided-Boat,13,645,0.020155038759689922
Upper Chehalis salmon 2023,Guided-Bank,0,242,0
Upper Chehalis salmon 2023,Guided-Boat,33,242,0.13636363636363635
Upper Chehalis salmon 2023,Unguided-Bank,29,242,0.11983471074380166
Upper Chehalis salmon 2023,Unguided-Boat,180,242,0.743801652892562
Willapa winter steelhead 2022,Guided-Bank,5,285,0.017543859649122806
Willapa winter steelhead 2022,Guided-Boat,0,285,0
Willapa winter steelhead 2022,Unguided-Bank,278,285,0.9754385964912281
Willapa winter steelhead 2022,Unguided-Boat,2,285,0.007017543859649123
Willapa winter steelhead 2022-23,Guided-Bank,0,289,0
Willapa winter steelhead 2022-23,Guided-Boat,0,289,0
Willapa winter steelhead 2022-23,Unguided-Bank,287,289,0.9930795847750865
Willapa winter steelhead 2022-23,Unguided-Boat,2,289,0.006920415224913495
Willapa winter steelhead 2023-24,Guided-Bank,1,534,0.0018726591760299626
Willapa winter steelhead 2023-24,Guided-Boat,0,534,0
Willapa winter steelhead 2023-24,Unguided-Bank,514,534,0.9625468164794008
Willapa winter steelhead 2023-24,Unguided-Boat,19,534,0.035580524344569285
Wynoochee winter steelhead 2024-25,Guided-Bank,1,545,0.001834862385321101
Wynoochee winter steelhead 2024-25,Guided-Boat,53,545,0.09724770642201835
Wynoochee winter steelhead 2024-25,Unguided-Bank,284,545,0.5211009174311927
Wynoochee winter steelhead 2024-25,Unguided-Boat,207,545,0.3798165137614679
Wynoochee winter steelhead 2025-26,Guided-Bank,1,427,0.00234192037470726
Wynoochee winter steelhead 2025-26,Guided-Boat,56,427,0.13114754098360656
Wynoochee winter steelhead 2025-26,Unguided-Bank,202,427,0.47306791569086654
Wynoochee winter steelhead 2025-26,Unguided-Boat,168,427,0.39344262295081966
