fishery_name,n_total,n_guided,n_unguided,n_guide_unknown,n_bank,n_boat,n_type_unknown,n_guided_bank,n_guided_boat,n_unguided_bank,n_unguided_boat,n_combined_unknown,pct_classifiable,mean_hours,median_hours,total_hours,year_min,year_max,n_years,years_span,guide_ratio,type_ratio
Nisqually salmon 2021,3497,0,0,3497,3449,48,0,0,0,0,0,3497,0,4.35,3.33,14264.7,2021,2021,1,2021-2021 (1 yrs),0:0,3449:48
Puyallup_Carbon salmon 2023,2853,0,0,2853,2800,0,53,0,0,0,0,2853,0,5.29,3.87,15047.6,2023,2023,1,2023-2023 (1 yrs),0:0,2800:0
Skagit fall salmon 2023,2730,48,2629,53,1740,990,0,5,43,1687,942,53,98.1,6.43,4.12,17545,2023,2023,1,2023-2023 (1 yrs),48:2629,1740:990
Skagit fall salmon 2025,2673,71,2562,40,1908,765,0,10,61,1863,699,40,98.5,6.63,4.13,17648.9,2025,2025,1,2025-2025 (1 yrs),71:2562,1908:765
Snohomish fall salmon 2023,2549,13,0,2536,1374,1175,0,0,13,0,0,2536,0.5,7.13,5.27,18168.3,2023,2023,1,2023-2023 (1 yrs),13:0,1374:1175
Puyallup Carbon salmon 2025,2413,0,0,2413,2413,0,0,0,0,0,0,2413,0,4.79,3.48,11557.3,2025,2025,1,2025-2025 (1 yrs),0:0,2413:0
Nisqually salmon 2022,2370,0,0,2370,2304,66,0,0,0,0,0,2370,0,4.52,3.35,10686.5,2022,2022,1,2022-2022 (1 yrs),0:0,2304:66
Puyallup Carbon salmon 2024,2151,0,1,2150,2150,1,0,0,0,0,1,2150,0,4.78,3.57,10276.4,2024,2024,1,2024-2024 (1 yrs),0:1,2150:1
Nisqually salmon 2023,2139,0,0,2139,2082,57,0,0,0,0,0,2139,0,4.49,3.28,9584.7,2023,2023,1,2023-2023 (1 yrs),0:0,2082:57
Puyallup_Carbon salmon 2022,2068,0,0,2068,2068,0,0,0,0,0,0,2068,0,4.97,3.5,10288.1,2022,2022,1,2022-2022 (1 yrs),0:0,2068:0
Lower Cowlitz salmon and steelhead 2023-24,1882,263,1553,66,1409,473,0,4,259,1341,212,66,96.5,9.52,5.35,17742.8,2023,2024,2,2023-2024 (2 yrs),263:1553,1409:473
Skagit winter steelhead 2021,1860,133,1727,0,909,951,0,5,128,904,823,0,100,9.24,7.2,17158,2021,2021,1,2021-2021 (1 yrs),133:1727,909:951
Skagit fall salmon 2024,1811,33,1746,32,1091,720,0,4,29,1065,681,32,98.2,6.17,4.07,11148.7,2024,2024,1,2024-2024 (1 yrs),33:1746,1091:720
Skagit fall salmon 2022,1694,51,1622,21,707,987,0,2,49,700,922,21,98.8,8.34,6.12,14102.3,2022,2022,1,2022-2022 (1 yrs),51:1622,707:987
Snohomish fall salmon 2024,1513,5,0,1508,835,678,0,0,5,0,0,1508,0.3,6.16,4.02,9327.3,2024,2024,1,2024-2024 (1 yrs),5:0,835:678
Chehalis salmon 2024,1361,54,1287,20,453,908,0,0,54,448,839,20,98.5,8.59,6.77,11684.9,2024,2024,1,2024-2024 (1 yrs),54:1287,453:908
Chehalis salmon 2025,1361,78,1277,6,339,1022,0,1,77,338,939,6,99.6,8.82,6.97,11990.5,2025,2025,1,2025-2025 (1 yrs),78:1277,339:1022
Snohomish fall salmon 2025,1331,12,1260,59,901,430,0,1,11,854,406,59,95.6,6.56,4.2,8736.4,2025,2025,1,2025-2025 (1 yrs),12:1260,901:430
Lower Cowlitz salmon and steelhead 2022-23,1284,119,190,975,996,288,0,0,119,26,164,975,24.1,8.31,4.57,10622.2,2022,2023,2,2022-2023 (2 yrs),119:190,996:288
Skagit winter steelhead 2024,1232,95,1128,9,777,455,0,21,74,751,377,9,99.3,11.39,8,14024,2024,2024,1,2024-2024 (1 yrs),95:1128,777:455
Skagit winter steelhead 2025,1174,106,1059,9,747,427,0,24,82,716,343,9,99.2,9.67,6.83,11322.1,2025,2025,1,2025-2025 (1 yrs),106:1059,747:427
Quillayute winter steelhead 2025-26,1074,286,788,0,655,419,0,72,214,583,205,0,100,10.02,8.14,10758.4,2025,2026,2,2025-2026 (2 yrs),286:788,655:419
Drano Lake salmon and steelhead 2024,1024,120,890,14,160,864,0,1,119,155,735,14,98.6,13.34,10.47,13588.5,2024,2024,1,2024-2024 (1 yrs),120:890,160:864
Drano Lake salmon and steelhead 2023,997,118,861,18,103,894,0,0,118,101,760,18,98.2,13.76,11.24,13709.6,2023,2023,1,2023-2023 (1 yrs),118:861,103:894
Drano Lake salmon and steelhead 2025,983,122,844,17,265,718,0,0,122,249,595,17,98.3,12.2,9.5,11990.7,2025,2025,1,2025-2025 (1 yrs),122:844,265:718
Skagit fall salmon 2021,966,11,880,75,608,358,0,0,11,558,322,75,92.2,6.53,4.15,6278.6,2021,2021,1,2021-2021 (1 yrs),11:880,608:358
Drano Lake salmon and steelhead 2022,931,0,0,931,277,654,0,0,0,0,0,931,0,11.55,9.18,10704.6,2022,2022,1,2022-2022 (1 yrs),0:0,277:654
Humptulips salmon 2025,910,42,868,0,693,217,0,2,40,691,177,0,100,8.11,4.95,7359.5,2025,2025,1,2025-2025 (1 yrs),42:868,693:217
Humptulips salmon 2024,903,67,834,2,649,254,0,3,64,644,190,2,99.8,8.85,6.01,7968.7,2024,2024,1,2024-2024 (1 yrs),67:834,649:254
Chehalis salmon 2022,892,90,793,9,94,798,0,0,90,94,699,9,99,10.19,8.77,9040.2,2022,2022,1,2022-2022 (1 yrs),90:793,94:798
Humptulips salmon 2023,871,73,795,3,569,302,0,4,69,563,232,3,99.7,10.08,7.3,8759.6,2023,2023,1,2023-2023 (1 yrs),73:795,569:302
Snohomish fall salmon 2021,862,5,613,244,408,454,0,0,5,295,318,244,71.7,8.78,6.75,7541,2021,2021,1,2021-2021 (1 yrs),5:613,408:454
Humptulips salmon 2020,845,153,692,0,442,403,0,0,153,442,250,0,100,13.1,11.6,11068,2020,2020,1,2020-2020 (1 yrs),153:692,442:403
Drano Lake spring Chinook 2026,833,145,688,0,174,659,0,0,145,174,514,0,100,19.29,13.33,16068.1,2026,2026,1,2026-2026 (1 yrs),145:688,174:659
Skykomish summer Chinook and gamefish 2022,819,66,658,95,527,292,0,1,65,458,200,95,88.4,8,5,6551.6,2022,2022,1,2022-2022 (1 yrs),66:658,527:292
Stillaguamish salmon and gamefish 2025-26,791,0,645,146,773,18,0,0,0,632,13,146,81.5,4.34,3.1,3436.4,2025,2025,1,2025-2025 (1 yrs),0:645,773:18
Hoh winter steelhead 2025-26,771,249,522,0,461,310,0,66,183,395,127,0,100,9.78,8.3,7529,2025,2026,2,2025-2026 (2 yrs),249:522,461:310
Stillaguamish salmon and gamefish 2024-25,762,1,0,761,752,10,0,1,0,0,0,761,0.1,3.93,2.5,2994.2,2024,2024,1,2024-2024 (1 yrs),1:0,752:10
Hoh winter steelhead 2023-24,759,220,536,3,544,215,0,105,115,436,100,3,99.6,11.4,10,8640.3,2023,2024,2,2023-2024 (2 yrs),220:536,544:215
Quillayute winter steelhead 2024-25,751,266,485,0,425,326,0,75,191,350,135,0,100,9.99,8.67,7500.9,2024,2025,2,2024-2025 (2 yrs),266:485,425:326
Lower Chehalis salmon 2023,750,9,734,7,230,520,0,0,9,227,507,7,99.1,7.93,5.93,5939.2,2023,2023,1,2023-2023 (1 yrs),9:734,230:520
Skagit winter steelhead 2023,747,32,694,21,500,246,1,10,22,476,217,22,97.1,10.75,8.07,8015.8,2023,2023,1,2023-2023 (1 yrs),32:694,500:246
Humptulips salmon 2021,723,95,628,0,385,338,0,1,94,384,244,0,100,10.54,8.5,7619.6,2021,2021,1,2021-2021 (1 yrs),95:628,385:338
Skagit summer sockeye 2024,722,5,704,13,562,160,0,0,5,550,154,13,98.2,5.62,4,4045.1,2024,2024,1,2024-2024 (1 yrs),5:704,562:160
Humptulips salmon 2022,680,51,618,11,461,219,0,1,50,450,168,11,98.4,10.37,7.4,7043.7,2022,2022,1,2022-2022 (1 yrs),51:618,461:219
Hoh winter steelhead 2022-23,666,181,485,0,655,11,0,175,6,480,5,0,100,10.85,9,7203.7,2022,2023,2,2022-2023 (2 yrs),181:485,655:11
Quillayute fall salmon 2024,662,102,560,0,426,236,0,6,96,420,140,0,100,8.86,7.07,5863.6,2024,2024,1,2024-2024 (1 yrs),102:560,426:236
Skagit summer sockeye 2025,616,2,605,9,401,215,0,0,2,394,211,9,98.5,7,5.26,4311.4,2025,2025,1,2025-2025 (1 yrs),2:605,401:215
Quillayute fall salmon 2025,606,68,538,0,404,202,0,3,65,401,137,0,100,9.75,7.5,5898.9,2025,2025,1,2025-2025 (1 yrs),68:538,404:202
Baker summer sockeye 2022,568,9,557,2,4,564,0,0,9,4,553,2,99.6,12.73,10.9,7228.5,2022,2022,1,2022-2022 (1 yrs),9:557,4:564
Hoh winter steelhead 2024-25,553,188,365,0,338,215,0,73,115,265,100,0,100,10.04,8.47,5551.8,2024,2025,2,2024-2025 (2 yrs),188:365,338:215
Wynoochee winter steelhead 2024-25,547,54,491,2,285,262,0,1,53,284,207,2,99.6,10.8,8.4,5907.5,2024,2025,2,2024-2025 (2 yrs),54:491,285:262
Humptulips winter steelhead 2025-26,535,17,518,0,455,80,0,1,16,454,64,0,100,6.87,4.28,3666.9,2025,2026,2,2025-2026 (2 yrs),17:518,455:80
Willapa winter steelhead 2023-24,535,1,533,1,516,19,0,1,0,514,19,1,99.8,5.05,3.45,2696.2,2023,2024,2,2023-2024 (2 yrs),1:533,516:19
Skagit summer sockeye 2022,526,0,521,5,447,79,0,0,0,443,78,5,99,5.81,3.87,3048.2,2022,2022,1,2022-2022 (1 yrs),0:521,447:79
Wallace salmon and gamefish 2022-23,520,0,0,520,514,0,6,0,0,0,0,520,0,4.7,3.54,2443.1,2022,2023,2,2022-2023 (2 yrs),0:0,514:0
Baker summer sockeye 2023,488,9,476,3,9,478,1,0,9,9,466,4,99.2,12.3,10.48,6000.2,2023,2023,1,2023-2023 (1 yrs),9:476,9:478
Satsop salmon 2024,486,9,466,11,346,140,0,0,9,341,125,11,97.7,9.32,6.89,4510,2024,2024,1,2024-2024 (1 yrs),9:466,346:140
Skagit summer sockeye 2026,483,8,475,0,289,194,0,0,8,289,186,0,100,7.76,5.67,3730.2,2026,2026,1,2026-2026 (1 yrs),8:475,289:194
Skookumchuck winter steelhead 2024-25,481,0,476,5,480,1,0,0,0,475,1,5,99,4.7,3.75,2258.8,2024,2025,2,2024-2025 (2 yrs),0:476,480:1
Wynoochee winter steelhead 2025-26,427,57,370,0,203,224,0,1,56,202,168,0,100,12.03,11,5135.3,2025,2026,2,2025-2026 (2 yrs),57:370,203:224
Skagit spring Chinook 2025 upper,423,11,402,10,376,47,0,1,10,367,35,10,97.6,7.96,4.92,3360.4,2025,2025,1,2025-2025 (1 yrs),11:402,376:47
Cascade spring Chinook 2022,414,0,411,3,412,0,2,0,0,409,0,5,98.8,7.06,5.43,2921,2022,2022,1,2022-2022 (1 yrs),0:411,412:0
Skykomish summer Chinook 2021,412,47,101,264,156,256,0,0,47,17,84,264,35.9,12.65,9.71,5210.3,2021,2021,1,2021-2021 (1 yrs),47:101,156:256
Skykomish summer Chinook 2020,393,35,26,332,152,241,0,0,35,8,18,332,15.5,12.84,9.75,5045,2020,2020,1,2020-2020 (1 yrs),35:26,152:241
Chehalis winter steelhead 2024-25,392,14,363,15,163,229,0,0,14,159,204,15,96.2,7.98,6.28,3121.8,2024,2025,2,2024-2025 (2 yrs),14:363,163:229
Snoqualmie winter steelhead 2022-23,387,0,0,387,371,10,6,0,0,0,0,387,0,3.78,2.77,1463.5,2022,2023,2,2022-2023 (2 yrs),0:0,371:10
Quillayute fall salmon 2022,379,51,328,0,232,147,0,4,47,228,100,0,100,10.66,8.05,4027.8,2022,2022,1,2022-2022 (1 yrs),51:328,232:147
Skagit spring Chinook 2024 upper,371,8,357,6,334,37,0,0,8,329,28,6,98.4,7.09,4.52,2630.2,2024,2024,1,2024-2024 (1 yrs),8:357,334:37
Wallace salmon and gamefish 2024-25,371,0,0,371,371,0,0,0,0,0,0,371,0,5.12,3.22,1888.5,2024,2024,1,2024-2024 (1 yrs),0:0,371:0
Satsop salmon 2023,370,8,359,3,264,106,0,0,8,262,97,3,99.2,8.04,5.12,2968.1,2023,2023,1,2023-2023 (1 yrs),8:359,264:106
Humptulips winter steelhead 2024-25,365,14,351,0,308,57,0,1,13,307,44,0,100,6.81,4.1,2484,2024,2025,2,2024-2025 (2 yrs),14:351,308:57
Skykomish winter gamefish 2021-22,362,0,248,114,360,2,0,0,0,247,1,114,68.5,4.35,3.52,1573.9,2021,2022,2,2021-2022 (2 yrs),0:248,360:2
Satsop winter steelhead 2024-25,355,11,331,13,189,166,0,0,11,181,150,13,96.3,9.19,6.57,3264,2024,2025,2,2024-2025 (2 yrs),11:331,189:166
Skagit spring Chinook 2022 lower,341,0,336,5,285,56,0,0,0,281,55,5,98.5,3.87,2.25,1319.7,2022,2022,1,2022-2022 (1 yrs),0:336,285:56
Post Quillayute winter steelhead 2023-24,340,163,176,1,124,216,0,45,118,78,98,1,99.7,13.74,13.67,4673.2,2024,2024,1,2024-2024 (1 yrs),163:176,124:216
Silver Lake Winter Crappie 2025-26,335,0,0,335,250,85,0,0,0,0,0,335,0,8.97,7.85,3004.3,2025,2026,2,2025-2026 (2 yrs),0:0,250:85
Skagit spring Chinook 2024 lower,332,0,330,2,228,104,0,0,0,226,104,2,99.4,5.49,3.86,1821.3,2024,2024,1,2024-2024 (1 yrs),0:330,228:104
Satsop salmon 2025,330,19,311,0,210,120,0,0,19,210,101,0,100,9.23,6.37,3038.2,2025,2025,1,2025-2025 (1 yrs),19:311,210:120
Satsop salmon 2022,328,5,322,1,230,98,0,0,5,229,93,1,99.7,9,6.53,2951.9,2022,2022,1,2022-2022 (1 yrs),5:322,230:98
Naselle winter steelhead 2023-24,324,5,306,13,285,39,0,2,3,270,36,13,96,7.16,5.57,2314.2,2023,2024,2,2023-2024 (2 yrs),5:306,285:39
Quillayute fall salmon 2023,317,31,286,0,220,97,0,0,31,220,66,0,100,9.94,7.46,3140.9,2023,2023,1,2023-2023 (1 yrs),31:286,220:97
Skykomish winter gamefish 2022-23,315,0,1,314,287,26,2,0,0,1,0,314,0.3,4.59,3.08,1445.5,2022,2023,2,2022-2023 (2 yrs),0:1,287:26
Stillaguamish salmon and gamefish 2023-24,301,0,0,301,279,22,0,0,0,0,0,301,0,4.61,3.02,1378.7,2023,2023,1,2023-2023 (1 yrs),0:0,279:22
Skykomish summer Chinook and gamefish 2025,297,12,238,47,216,81,0,0,12,183,55,47,84.2,7.26,3.78,2147.7,2025,2025,1,2025-2025 (1 yrs),12:238,216:81
Nooksack winter gamefish 2022-23,294,3,290,1,250,44,0,2,1,248,42,1,99.7,6.12,3.64,1799.8,2022,2023,2,2022-2023 (2 yrs),3:290,250:44
Willapa winter steelhead 2022-23,291,0,289,2,289,2,0,0,0,287,2,2,99.3,5.98,4.43,1739.8,2022,2023,2,2022-2023 (2 yrs),0:289,289:2
Skagit spring Chinook 2026 upper,289,15,274,0,218,71,0,1,14,217,57,0,100,8.91,6,2557.5,2026,2026,1,2026-2026 (1 yrs),15:274,218:71
Willapa winter steelhead 2022,285,5,280,0,283,2,0,5,0,278,2,0,100,4.98,4,1420.1,2022,2022,1,2022-2022 (1 yrs),5:280,283:2
Cascade fall salmon 2023,274,1,272,1,274,0,0,1,0,272,0,1,99.6,6.45,4.69,1767.5,2023,2023,1,2023-2023 (1 yrs),1:272,274:0
Stillaguamish salmon and gamefish 2022-23,272,0,0,272,257,13,2,0,0,0,0,272,0,3.8,2.71,1033.1,2022,2022,1,2022-2022 (1 yrs),0:0,257:13
Nooksack winter gamefish 2021-22,258,0,254,4,212,46,0,0,0,208,46,4,98.4,5.71,3.89,1426.5,2022,2022,1,2022-2022 (1 yrs),0:254,212:46
Skagit winter gamefish 2022-23,250,4,244,2,189,61,0,2,2,185,59,2,99.2,7.85,4.53,1962.2,2022,2023,2,2022-2023 (2 yrs),4:244,189:61
Quillayute winter steelhead 2022-23,248,112,136,0,145,103,0,47,65,98,38,0,100,12.53,13.73,3107.7,2022,2023,2,2022-2023 (2 yrs),112:136,145:103
Skagit spring Chinook 2026 lower,242,1,241,0,135,107,0,0,1,135,106,0,100,6.34,4.33,1527,2026,2026,1,2026-2026 (1 yrs),1:241,135:107
Upper Chehalis salmon 2023,242,33,209,0,29,213,0,0,33,29,180,0,100,11.48,9.67,2766.6,2023,2023,1,2023-2023 (1 yrs),33:209,29:213
Skookumchuck winter steelhead 2025-26,241,0,241,0,241,0,0,0,0,241,0,0,100,4.98,3.47,1199.1,2025,2026,2,2025-2026 (2 yrs),0:241,241:0
Skykomish summer gamefish 2023,241,0,0,241,240,0,1,0,0,0,0,241,0,4.8,3.52,1152,2023,2023,1,2023-2023 (1 yrs),0:0,240:0
Nooksack spring Chinook 2026,236,2,234,0,212,24,0,0,2,212,22,0,100,6.91,4,1630.5,2026,2026,1,2026-2026 (1 yrs),2:234,212:24
Skagit summer sockeye 2023,216,5,211,0,176,40,0,0,5,176,35,0,100,7.04,4.52,1521.3,2023,2023,1,2023-2023 (1 yrs),5:211,176:40
Hoh fall salmon 2025,214,50,164,0,113,101,0,0,50,113,51,0,100,10.51,8.03,2227.5,2025,2025,1,2025-2025 (1 yrs),50:164,113:101
Skykomish summer steelhead 2024,210,0,0,210,210,0,0,0,0,0,0,210,0,4.27,3.25,897.6,2024,2024,1,2024-2024 (1 yrs),0:0,210:0
Cascade fall salmon 2024,207,0,200,7,207,0,0,0,0,200,0,7,96.6,6.84,5.28,1415.1,2024,2024,1,2024-2024 (1 yrs),0:200,207:0
Naselle winter steelhead 2022-23,203,0,201,2,203,0,0,0,0,201,0,2,99,6.04,4.42,1226.5,2022,2023,2,2022-2023 (2 yrs),0:201,203:0
Cascade spring Chinook 2021,202,0,0,202,202,0,0,0,0,0,0,202,0,5.79,5,1164.1,2021,2021,1,2021-2021 (1 yrs),0:0,202:0
Cascade fall salmon 2022,183,0,182,1,183,0,0,0,0,182,0,1,99.5,6.43,5.22,1177.1,2022,2022,1,2022-2022 (1 yrs),0:182,183:0
Skagit spring Chinook 2023 lower,180,0,180,0,127,53,0,0,0,127,53,0,100,5.37,3.66,965.9,2023,2023,1,2023-2023 (1 yrs),0:180,127:53
Wallace salmon and gamefish 2023-24,173,0,0,173,173,0,0,0,0,0,0,173,0,4.19,3.38,721,2023,2023,1,2023-2023 (1 yrs),0:0,173:0
Nooksack spring Chinook 2022,167,0,162,5,161,4,2,0,0,156,4,7,95.8,4.3,2.3,717.8,2022,2022,1,2022-2022 (1 yrs),0:162,161:4
Naselle winter steelhead 2022,166,2,164,0,162,4,0,0,2,162,2,0,100,4.87,3.79,807.9,2022,2022,1,2022-2022 (1 yrs),2:164,162:4
Stillaguamish Winter Steelhead 2022-23,166,0,0,166,163,3,0,0,0,0,0,166,0,3.98,2.79,660.5,2022,2023,2,2022-2023 (2 yrs),0:0,163:3
Skagit spring Chinook 2025 lower,163,1,162,0,111,52,0,1,0,110,52,0,100,5.69,4.5,928.1,2025,2025,1,2025-2025 (1 yrs),1:162,111:52
Satsop winter steelhead 2025-26,161,11,150,0,88,73,0,0,11,88,62,0,100,8.44,5.18,1350.7,2025,2026,2,2025-2026 (2 yrs),11:150,88:73
Cascade spring Chinook 2023,160,0,158,2,160,0,0,0,0,158,0,2,98.8,5.08,3.7,813.3,2023,2023,1,2023-2023 (1 yrs),0:158,160:0
South Fork Stillaguamish summer gamefish 2024 upper,158,0,0,158,158,0,0,0,0,0,0,158,0,3.17,2.3,497.5,2024,2024,1,2024-2024 (1 yrs),0:0,158:0
Cascade spring Chinook 2024,156,0,154,2,156,0,0,0,0,154,0,2,98.7,7.11,5.72,1109.9,2024,2024,1,2024-2024 (1 yrs),0:154,156:0
Skagit winter gamefish 2021-22,144,5,136,3,106,38,0,3,2,101,35,3,97.9,8.26,6.73,1181.8,2022,2022,1,2022-2022 (1 yrs),5:136,106:38
Quillayute spring chinook 2025,140,51,89,0,58,82,0,2,49,56,33,0,100,11.34,10.95,1587.2,2025,2025,1,2025-2025 (1 yrs),51:89,58:82
Quillayute spring chinook 2026,133,29,104,0,70,63,0,2,27,68,36,0,100,10.39,8.07,1382.5,2026,2026,1,2026-2026 (1 yrs),29:104,70:63
Skagit spring Chinook 2023 upper,128,10,117,1,89,39,0,1,9,87,30,1,99.2,8.45,4.42,1082.1,2023,2023,1,2023-2023 (1 yrs),10:117,89:39
Pre Quillayute winter steelhead 2023-24,125,55,70,0,60,65,0,15,40,45,25,0,100,11.44,11.8,1430.5,2023,2024,2,2023-2024 (2 yrs),55:70,60:65
Skagit spring Chinook 2021 lower,121,0,121,0,87,34,0,0,0,87,34,0,100,4.18,3.25,506,2021,2021,1,2021-2021 (1 yrs),0:121,87:34
Skagit spring Chinook 2022 upper,112,10,101,1,85,26,1,0,10,84,16,2,98.2,7.08,3.68,793,2022,2022,1,2022-2022 (1 yrs),10:101,85:26
Skykomish summer Chinook 2023,110,0,0,110,51,59,0,0,0,0,0,110,0,13.59,8.48,1495,2023,2023,1,2023-2023 (1 yrs),0:0,51:59
Cascade fall salmon 2021,109,0,106,3,109,0,0,0,0,106,0,3,97.2,5.03,3.92,532.9,2021,2021,1,2021-2021 (1 yrs),0:106,109:0
Skagit winter gamefish 2025,95,1,93,1,73,22,0,1,0,71,22,1,98.9,7.72,6,725.5,2025,2025,1,2025-2025 (1 yrs),1:93,73:22
Skagit spring Chinook 2021 upper,87,0,0,87,32,55,0,0,0,0,0,87,0,9.72,7.5,845.8,2021,2021,1,2021-2021 (1 yrs),0:0,32:55
Skagit summer gamefish 2022,82,2,79,1,60,18,4,0,2,60,15,5,93.9,4.73,2.35,382.9,2022,2022,1,2022-2022 (1 yrs),2:79,60:18
Skagit winter gamefish 2024,72,1,69,2,60,12,0,0,1,58,11,2,97.2,5.73,3.88,412.6,2024,2024,1,2024-2024 (1 yrs),1:69,60:12
Drano Lake salmon and steelhead 2026,70,0,70,0,16,54,0,0,0,16,54,0,100,9.27,8.67,648.6,2026,2026,1,2026-2026 (1 yrs),0:70,16:54
Hoh fall salmon 2023,62,12,50,0,42,20,0,2,10,40,10,0,100,12.38,10.56,767.6,2023,2023,1,2023-2023 (1 yrs),12:50,42:20
Queets winter steelhead 2024-25,59,7,52,0,38,21,0,2,5,36,16,0,100,10.53,7.83,621,2025,2025,1,2025-2025 (1 yrs),7:52,38:21
Nooksack fall salmon 2024,58,0,58,0,55,3,0,0,0,55,3,0,100,2.57,2,148.8,2024,2024,1,2024-2024 (1 yrs),0:58,55:3
Chehalis winter steelhead 2025-26,57,3,54,0,11,46,0,0,3,11,43,0,100,9.4,7.6,536,2025,2026,2,2025-2026 (2 yrs),3:54,11:46
Snoqualmie summer gamefish 2025,48,0,0,48,46,2,0,0,0,0,0,48,0,2.39,1.48,114.5,2025,2025,1,2025-2025 (1 yrs),0:0,46:2
Quinault winter steelhead 2024-25,46,10,36,0,28,18,0,1,9,27,9,0,100,9.09,7.51,417.9,2025,2025,1,2025-2025 (1 yrs),10:36,28:18
Skagit summer gamefish 2024,46,0,41,5,34,12,0,0,0,29,12,5,89.1,4.07,1.87,183.3,2024,2024,1,2024-2024 (1 yrs),0:41,34:12
Snohomish fall salmon 2022,42,0,0,42,21,21,0,0,0,0,0,42,0,5.68,4.17,238.6,2022,2022,1,2022-2022 (1 yrs),0:0,21:21
Queets winter steelhead 2025-26,40,5,35,0,30,10,0,3,2,27,8,0,100,14.08,14.25,521.1,2025,2026,2,2025-2026 (2 yrs),5:35,30:10
Nooksack fall salmon 2023,27,0,27,0,23,4,0,0,0,23,4,0,100,4.12,2.43,111.1,2023,2023,1,2023-2023 (1 yrs),0:27,23:4
North Fork Skykomish summer gamefish 2025,20,0,0,20,20,0,0,0,0,0,0,20,0,1.82,1.18,36.5,2025,2025,1,2025-2025 (1 yrs),0:0,20:0
Quinault winter steelhead 2025-26,20,0,20,0,16,4,0,0,0,16,4,0,100,10.24,7.18,204.8,2026,2026,1,2026-2026 (1 yrs),0:20,16:4
South Fork Willapa winter steelhead 2023-24,17,0,17,0,17,0,0,0,0,17,0,0,100,3.19,3.15,54.2,2023,2024,2,2023-2024 (2 yrs),0:17,17:0
Cascade winter gamefish 2021-22,15,0,15,0,15,0,0,0,0,15,0,0,100,4.24,3.17,63.6,2021,2022,2,2021-2022 (2 yrs),0:15,15:0
South Fork Willapa winter steelhead 2022-23,12,0,12,0,12,0,0,0,0,12,0,0,100,6.32,4.89,75.8,2022,2023,2,2022-2023 (2 yrs),0:12,12:0
Cascade winter gamefish 2023,7,0,7,0,7,0,0,0,0,7,0,0,100,3.65,2.43,25.6,2023,2023,1,2023-2023 (1 yrs),0:7,7:0
South Fork Skykomish summer gamefish 2025,6,0,0,6,6,0,0,0,0,0,0,6,0,5.05,1.46,30.3,2025,2025,1,2025-2025 (1 yrs),0:0,6:0
Skagit spring gamefish 2025,2,0,2,0,1,1,0,0,0,1,1,0,100,4.87,4.87,9.7,2025,2025,1,2025-2025 (1 yrs),0:2,1:1
