fishery_name,angler_final,hours,total_hours,prop
Baker summer sockeye 2022,Bank,29.733333333333334,7228.483333333334,0.004113357112718436
Baker summer sockeye 2022,Boat,7198.75,7228.483333333334,0.9958866428872816
Baker summer sockeye 2023,Bank,104.68333333333334,5972.233333333334,0.0175283394821591
Baker summer sockeye 2023,Boat,5867.55,5972.233333333334,0.9824716605178409
Cascade fall salmon 2021,Bank,532.85,532.85,1
Cascade fall salmon 2022,Bank,1177.1,1177.1,1
Cascade fall salmon 2023,Bank,1767.4833333333333,1767.4833333333333,1
Cascade fall salmon 2024,Bank,1415.1,1415.1,1
Cascade spring Chinook 2021,Bank,1164.0833333333333,1164.0833333333333,1
Cascade spring Chinook 2022,Bank,2897.733333333333,2897.733333333333,1
Cascade spring Chinook 2023,Bank,813.3333333333334,813.3333333333334,1
Cascade spring Chinook 2024,Bank,1109.9166666666667,1109.9166666666667,1
Cascade winter gamefish 2021-22,Bank,63.6,63.6,1
Cascade winter gamefish 2023,Bank,25.566666666666666,25.566666666666666,1
Chehalis salmon 2022,Bank,464.1166666666667,9040.25,0.051338919462035525
Chehalis salmon 2022,Boat,8576.133333333333,9040.25,0.9486610805379645
Chehalis salmon 2024,Bank,1553.6166666666666,11684.916666666666,0.132959156747659
Chehalis salmon 2024,Boat,10131.3,11684.916666666666,0.867040843252341
Chehalis salmon 2025,Bank,1131.7,11990.550000000001,0.09438265967782962
Chehalis salmon 2025,Boat,10858.85,11990.550000000001,0.9056173403221703
Chehalis winter steelhead 2024-25,Bank,647.7333333333333,3121.8,0.2074871334913618
Chehalis winter steelhead 2024-25,Boat,2474.0666666666666,3121.8,0.7925128665086381
Chehalis winter steelhead 2025-26,Bank,50.56666666666666,535.9666666666667,0.09434666334971079
Chehalis winter steelhead 2025-26,Boat,485.4,535.9666666666667,0.9056533366502891
Drano Lake salmon and steelhead 2022,Bank,1443.0166666666667,10704.583333333334,0.1348036277295551
Drano Lake salmon and steelhead 2022,Boat,9261.566666666668,10704.583333333334,0.8651963722704449
Drano Lake salmon and steelhead 2023,Bank,461.1,13709.583333333334,0.03363340728808923
Drano Lake salmon and steelhead 2023,Boat,13248.483333333334,13709.583333333334,0.9663665927119107
Drano Lake salmon and steelhead 2024,Bank,792.3666666666667,13588.466666666667,0.05831170551497103
Drano Lake salmon and steelhead 2024,Boat,12796.1,13588.466666666667,0.941688294485029
Drano Lake salmon and steelhead 2025,Bank,1471.8833333333334,11990.733333333334,0.12275173606284855
Drano Lake salmon and steelhead 2025,Boat,10518.85,11990.733333333334,0.8772482639371515
Drano Lake salmon and steelhead 2026,Bank,45.05,648.5999999999999,0.06945729263028061
Drano Lake salmon and steelhead 2026,Boat,603.55,648.5999999999999,0.9305427073697194
Drano Lake spring Chinook 2026,Bank,1190.9166666666667,16068.083333333332,0.07411690877879026
Drano Lake spring Chinook 2026,Boat,14877.166666666666,16068.083333333332,0.9258830912212098
Hoh fall salmon 2023,Bank,379.43333333333334,767.6166666666667,0.49430054063443124
Hoh fall salmon 2023,Boat,388.18333333333334,767.6166666666667,0.5056994593655687
Hoh fall salmon 2025,Bank,515.6,2227.5,0.23147025813692482
Hoh fall salmon 2025,Boat,1711.9,2227.5,0.7685297418630752
Hoh winter steelhead 2022-23,Bank,7021.45,7203.683333333333,0.9747027562288736
Hoh winter steelhead 2022-23,Boat,182.23333333333335,7203.683333333333,0.025297243771126347
Hoh winter steelhead 2023-24,Bank,5387.116666666667,8640.3,0.6234872245948251
Hoh winter steelhead 2023-24,Boat,3253.1833333333334,8640.3,0.376512775405175
Hoh winter steelhead 2024-25,Bank,2756.1666666666665,5551.833333333333,0.4964426165530906
Hoh winter steelhead 2024-25,Boat,2795.6666666666665,5551.833333333333,0.5035573834469095
Hoh winter steelhead 2025-26,Bank,3726.8166666666666,7529,0.4949949085757294
Hoh winter steelhead 2025-26,Boat,3802.1833333333334,7529,0.5050050914242706
Humptulips salmon 2020,Bank,3601.4666666666667,11068.033333333333,0.3253935507964378
Humptulips salmon 2020,Boat,7466.566666666667,11068.033333333333,0.6746064492035623
Humptulips salmon 2021,Bank,2100.4333333333334,7619.566666666667,0.2756630954516224
Humptulips salmon 2021,Boat,5519.133333333333,7619.566666666667,0.7243369045483776
Humptulips salmon 2022,Bank,2963.4,7043.666666666667,0.4207183758459136
Humptulips salmon 2022,Boat,4080.266666666667,7043.666666666667,0.5792816241540865
Humptulips salmon 2023,Bank,3370.7166666666667,8759.65,0.3848003820548386
Humptulips salmon 2023,Boat,5388.933333333333,8759.65,0.6151996179451614
Humptulips salmon 2024,Bank,3669.116666666667,7968.733333333334,0.46043913294459177
Humptulips salmon 2024,Boat,4299.616666666667,7968.733333333334,0.5395608670554082
Humptulips salmon 2025,Bank,3896.4333333333334,7359.533333333333,0.5294402724810451
Humptulips salmon 2025,Boat,3463.1,7359.533333333333,0.47055972751895503
Humptulips winter steelhead 2024-25,Bank,1602.3,2483.9666666666667,0.6450569653376991
Humptulips winter steelhead 2024-25,Boat,881.6666666666666,2483.9666666666667,0.35494303466230087
Humptulips winter steelhead 2025-26,Bank,2394.4666666666667,3666.883333333333,0.6529977774040625
Humptulips winter steelhead 2025-26,Boat,1272.4166666666667,3666.883333333333,0.34700222259593755
Lower Chehalis salmon 2023,Bank,714.0666666666667,5939.2,0.1202294360632184
Lower Chehalis salmon 2023,Boat,5225.133333333333,5939.2,0.8797705639367817
Lower Cowlitz salmon and steelhead 2022-23,Bank,4601.866666666667,10622.216666666667,0.4332303521079247
Lower Cowlitz salmon and steelhead 2022-23,Boat,6020.35,10622.216666666667,0.5667696478920753
Lower Cowlitz salmon and steelhead 2023-24,Bank,7895.333333333333,17742.75,0.4449892679169426
Lower Cowlitz salmon and steelhead 2023-24,Boat,9847.416666666666,17742.75,0.5550107320830574
Naselle winter steelhead 2022,Bank,765.9666666666667,807.9333333333334,0.9480567703605908
Naselle winter steelhead 2022,Boat,41.96666666666667,807.9333333333334,0.05194322963940919
Naselle winter steelhead 2022-23,Bank,1226.4833333333333,1226.4833333333333,1
Naselle winter steelhead 2023-24,Bank,1728.8666666666666,2314.1833333333334,0.7470742018422625
Naselle winter steelhead 2023-24,Boat,585.3166666666667,2314.1833333333334,0.25292579815773747
Nisqually salmon 2021,Bank,13469.1,14264.683333333334,0.9442270596029121
Nisqually salmon 2021,Boat,795.5833333333334,14264.683333333334,0.05577294039708791
Nisqually salmon 2022,Bank,9655.616666666667,10686.55,0.903529826432915
Nisqually salmon 2022,Boat,1030.9333333333334,10686.55,0.09647017356708512
Nisqually salmon 2023,Bank,8558.75,9584.733333333334,0.8929565072232926
Nisqually salmon 2023,Boat,1025.9833333333333,9584.733333333334,0.1070434927767074
Nooksack fall salmon 2023,Bank,75.2,111.13333333333334,0.6766646670665867
Nooksack fall salmon 2023,Boat,35.93333333333334,111.13333333333334,0.3233353329334133
Nooksack fall salmon 2024,Bank,117.06666666666666,148.83333333333331,0.7865621500559911
Nooksack fall salmon 2024,Boat,31.766666666666666,148.83333333333331,0.21343784994400897
Nooksack spring Chinook 2022,Bank,664.6166666666667,703.2,0.9451317785362153
Nooksack spring Chinook 2022,Boat,38.583333333333336,703.2,0.0548682214637846
Nooksack spring Chinook 2026,Bank,1214.7,1630.4666666666667,0.7450014310831256
Nooksack spring Chinook 2026,Boat,415.76666666666665,1630.4666666666667,0.2549985689168745
Nooksack winter gamefish 2021-22,Bank,834,1426.4833333333333,0.5846545700966246
Nooksack winter gamefish 2021-22,Boat,592.4833333333333,1426.4833333333333,0.4153454299033754
Nooksack winter gamefish 2022-23,Bank,1239.15,1799.8500000000001,0.6884740395032919
Nooksack winter gamefish 2022-23,Boat,560.7,1799.8500000000001,0.31152596049670805
North Fork Skykomish summer gamefish 2025,Bank,36.45,36.45,1
Post Quillayute winter steelhead 2023-24,Bank,1365.2,4673.25,0.2921307441288183
Post Quillayute winter steelhead 2023-24,Boat,3308.05,4673.25,0.7078692558711818
Pre Quillayute winter steelhead 2023-24,Bank,544.9333333333334,1430.5333333333333,0.3809301892068227
Pre Quillayute winter steelhead 2023-24,Boat,885.6,1430.5333333333333,0.6190698107931774
Puyallup Carbon salmon 2024,Bank,10272.45,10276.416666666668,0.9996140029355238
Puyallup Carbon salmon 2024,Boat,3.966666666666667,10276.416666666668,3.8599706447610627e-4
Puyallup Carbon salmon 2025,Bank,11557.266666666666,11557.266666666666,1
Puyallup_Carbon salmon 2022,Bank,10288.116666666667,10288.116666666667,1
Puyallup_Carbon salmon 2023,Bank,14583.866666666667,14583.866666666667,1
Queets winter steelhead 2024-25,Bank,258.35,620.9833333333333,0.41603370997611316
Queets winter steelhead 2024-25,Boat,362.6333333333333,620.9833333333333,0.5839662900238868
Queets winter steelhead 2025-26,Bank,324.3333333333333,521.0833333333333,0.6224212378058532
Queets winter steelhead 2025-26,Boat,196.75,521.0833333333333,0.3775787621941469
Quillayute fall salmon 2022,Bank,1739.0333333333333,4027.75,0.4317629776757081
Quillayute fall salmon 2022,Boat,2288.7166666666667,4027.75,0.5682370223242919
Quillayute fall salmon 2023,Bank,1662.2166666666667,3140.9333333333334,0.5292110625291845
Quillayute fall salmon 2023,Boat,1478.7166666666667,3140.9333333333334,0.47078893747081546
Quillayute fall salmon 2024,Bank,2654.05,5863.616666666667,0.45263020263375564
Quillayute fall salmon 2024,Boat,3209.5666666666666,5863.616666666667,0.5473697973662444
Quillayute fall salmon 2025,Bank,2988.0833333333335,5898.916666666667,0.5065478124514389
Quillayute fall salmon 2025,Boat,2910.8333333333335,5898.916666666667,0.4934521875485612
Quillayute spring chinook 2025,Bank,304.6666666666667,1587.2166666666667,0.19195026933940967
Quillayute spring chinook 2025,Boat,1282.55,1587.2166666666667,0.8080497306605903
Quillayute spring chinook 2026,Bank,285.15,1382.5166666666664,0.20625429470410245
Quillayute spring chinook 2026,Boat,1097.3666666666666,1382.5166666666664,0.7937457052958976
Quillayute winter steelhead 2022-23,Bank,1585.0833333333333,3107.6499999999996,0.5100585115226404
Quillayute winter steelhead 2022-23,Boat,1522.5666666666666,3107.6499999999996,0.4899414884773597
Quillayute winter steelhead 2024-25,Bank,3265.8166666666666,7500.85,0.4353928776960833
Quillayute winter steelhead 2024-25,Boat,4235.033333333334,7500.85,0.5646071223039167
Quillayute winter steelhead 2025-26,Bank,4900.05,10758.400000000001,0.4554627082093991
Quillayute winter steelhead 2025-26,Boat,5858.35,10758.400000000001,0.5445372917906008
Quinault winter steelhead 2024-25,Bank,189.83333333333334,417.93333333333334,0.4542191737119158
Quinault winter steelhead 2024-25,Boat,228.1,417.93333333333334,0.5457808262880842
Quinault winter steelhead 2025-26,Bank,134.3,204.8,0.65576171875
Quinault winter steelhead 2025-26,Boat,70.5,204.8,0.34423828125
Satsop salmon 2022,Bank,1462.0166666666667,2951.95,0.49527148720902003
Satsop salmon 2022,Boat,1489.9333333333334,2951.95,0.5047285127909801
Satsop salmon 2023,Bank,1458.6166666666666,2968.0666666666666,0.49143662541272654
Satsop salmon 2023,Boat,1509.45,2968.0666666666666,0.5085633745872734
Satsop salmon 2024,Bank,2395.3166666666666,4510.033333333333,0.5311084175283258
Satsop salmon 2024,Boat,2114.7166666666667,4510.033333333333,0.46889158247167434
Satsop salmon 2025,Bank,1291.0666666666666,3038.25,0.4249376011410077
Satsop salmon 2025,Boat,1747.1833333333334,3038.25,0.5750623988589924
Satsop winter steelhead 2024-25,Bank,995.7,3264.0333333333338,0.3050520317398719
Satsop winter steelhead 2024-25,Boat,2268.3333333333335,3264.0333333333338,0.6949479682601281
Satsop winter steelhead 2025-26,Bank,304.35,1350.6666666666665,0.22533316880552817
Satsop winter steelhead 2025-26,Boat,1046.3166666666666,1350.6666666666665,0.7746668311944719
Silver Lake Winter Crappie 2025-26,Bank,2336.483333333333,3004.2999999999997,0.7777130557312297
Silver Lake Winter Crappie 2025-26,Boat,667.8166666666666,3004.2999999999997,0.22228694426877033
Skagit fall salmon 2021,Bank,2485.266666666667,6278.6,0.39583134244364454
Skagit fall salmon 2021,Boat,3793.3333333333335,6278.6,0.6041686575563554
Skagit fall salmon 2022,Bank,2605.233333333333,14102.283333333333,0.1847384052464317
Skagit fall salmon 2022,Boat,11497.05,14102.283333333333,0.8152615947535683
Skagit fall salmon 2023,Bank,7504.05,17544.966666666667,0.427703861886315
Skagit fall salmon 2023,Boat,10040.916666666666,17544.966666666667,0.572296138113685
Skagit fall salmon 2024,Bank,3846.883333333333,11148.733333333334,0.3450511567831323
Skagit fall salmon 2024,Boat,7301.85,11148.733333333334,0.6549488432168677
Skagit fall salmon 2025,Bank,9051.383333333333,17648.933333333334,0.5128572453859346
Skagit fall salmon 2025,Boat,8597.55,17648.933333333334,0.48714275461406537
Skagit spring Chinook 2021 lower,Bank,277.48333333333335,506.03333333333336,0.5483499110730519
Skagit spring Chinook 2021 lower,Boat,228.55,506.03333333333336,0.45165008892694813
Skagit spring Chinook 2021 upper,Bank,156.5,845.8333333333334,0.1850246305418719
Skagit spring Chinook 2021 upper,Boat,689.3333333333334,845.8333333333334,0.8149753694581281
Skagit spring Chinook 2022 lower,Bank,900.7333333333333,1319.65,0.6825547177913335
Skagit spring Chinook 2022 lower,Boat,418.9166666666667,1319.65,0.3174452822086664
Skagit spring Chinook 2022 upper,Bank,264.9166666666667,785.1333333333334,0.3374161501231213
Skagit spring Chinook 2022 upper,Boat,520.2166666666667,785.1333333333334,0.6625838498768786
Skagit spring Chinook 2023 lower,Bank,514.1,965.9166666666667,0.5322405314468122
Skagit spring Chinook 2023 lower,Boat,451.81666666666666,965.9166666666667,0.4677594685531878
Skagit spring Chinook 2023 upper,Bank,409.6166666666667,1082.1,0.3785386439947017
Skagit spring Chinook 2023 upper,Boat,672.4833333333333,1082.1,0.6214613560052984
Skagit spring Chinook 2024 lower,Bank,970.1833333333334,1821.35,0.5326726512385502
Skagit spring Chinook 2024 lower,Boat,851.1666666666666,1821.35,0.4673273487614498
Skagit spring Chinook 2024 upper,Bank,1944.85,2630.2,0.7394304615618584
Skagit spring Chinook 2024 upper,Boat,685.35,2630.2,0.2605695384381416
Skagit spring Chinook 2025 lower,Bank,506.23333333333335,928.1166666666667,0.5454414854454361
Skagit spring Chinook 2025 lower,Boat,421.8833333333333,928.1166666666667,0.45455851455456386
Skagit spring Chinook 2025 upper,Bank,2513.05,3360.4333333333334,0.747835100631863
Skagit spring Chinook 2025 upper,Boat,847.3833333333333,3360.4333333333334,0.252164899368137
Skagit spring Chinook 2026 lower,Bank,639.3833333333333,1527,0.41871862038856145
Skagit spring Chinook 2026 lower,Boat,887.6166666666667,1527,0.5812813796114386
Skagit spring Chinook 2026 upper,Bank,1301.7,2557.4833333333336,0.508976923929123
Skagit spring Chinook 2026 upper,Boat,1255.7833333333333,2557.4833333333336,0.4910230760708769
Skagit spring gamefish 2025,Bank,1,9.733333333333333,0.10273972602739727
Skagit spring gamefish 2025,Boat,8.733333333333333,9.733333333333333,0.8972602739726028
Skagit summer gamefish 2022,Bank,179.21666666666667,374.1,0.47906085716831504
Skagit summer gamefish 2022,Boat,194.88333333333333,374.1,0.5209391428316849
Skagit summer gamefish 2024,Bank,66.31666666666666,183.33333333333331,0.36172727272727273
Skagit summer gamefish 2024,Boat,117.01666666666667,183.33333333333331,0.6382727272727273
Skagit summer sockeye 2022,Bank,2200.8333333333335,3048.166666666667,0.722018699764886
Skagit summer sockeye 2022,Boat,847.3333333333334,3048.166666666667,0.27798130023511397
Skagit summer sockeye 2023,Bank,980.7,1521.35,0.6446248397804583
Skagit summer sockeye 2023,Boat,540.65,1521.35,0.35537516021954185
Skagit summer sockeye 2024,Bank,2312.4166666666665,4045.05,0.5716657808102907
Skagit summer sockeye 2024,Boat,1732.6333333333334,4045.05,0.42833421918970926
Skagit summer sockeye 2025,Bank,2030.3,4311.35,0.4709197815069525
Skagit summer sockeye 2025,Boat,2281.05,4311.35,0.5290802184930474
Skagit summer sockeye 2026,Bank,1543.3333333333333,3730.1833333333334,0.4137419519147852
Skagit summer sockeye 2026,Boat,2186.85,3730.1833333333334,0.5862580480852148
Skagit winter gamefish 2021-22,Bank,677.9166666666666,1181.8333333333333,0.5736144408405021
Skagit winter gamefish 2021-22,Boat,503.9166666666667,1181.8333333333333,0.426385559159498
Skagit winter gamefish 2022-23,Bank,1169.85,1962.1833333333334,0.5961981126466266
Skagit winter gamefish 2022-23,Boat,792.3333333333334,1962.1833333333334,0.40380188735337336
Skagit winter gamefish 2024,Bank,274.85,412.58333333333337,0.6661684508180166
Skagit winter gamefish 2024,Boat,137.73333333333332,412.58333333333337,0.3338315491819834
Skagit winter gamefish 2025,Bank,428.95,725.5333333333333,0.5912202517688138
Skagit winter gamefish 2025,Boat,296.5833333333333,725.5333333333333,0.40877974823118624
Skagit winter steelhead 2021,Bank,4184.233333333334,17158.016666666666,0.24386462693337713
Skagit winter steelhead 2021,Boat,12973.783333333333,17158.016666666666,0.7561353730666228
Skagit winter steelhead 2023,Bank,3678.25,8015.75,0.45887783426379314
Skagit winter steelhead 2023,Boat,4337.5,8015.75,0.5411221657362069
Skagit winter steelhead 2024,Bank,5659.366666666667,14023.983333333334,0.40354915804948427
Skagit winter steelhead 2024,Boat,8364.616666666667,14023.983333333334,0.5964508419505157
Skagit winter steelhead 2025,Bank,5057.933333333333,11322.1,0.44673102457435754
Skagit winter steelhead 2025,Boat,6264.166666666667,11322.1,0.5532689754256425
Skookumchuck winter steelhead 2024-25,Bank,2248.0833333333335,2258.75,0.9952776240546025
Skookumchuck winter steelhead 2024-25,Boat,10.666666666666666,2258.75,0.004722375945397528
Skookumchuck winter steelhead 2025-26,Bank,1199.1333333333334,1199.1333333333334,1
Skykomish summer Chinook 2020,Bank,680.0666666666667,5045.016666666666,0.13479968681966695
Skykomish summer Chinook 2020,Boat,4364.95,5045.016666666666,0.8652003131803331
Skykomish summer Chinook 2021,Bank,800.3833333333333,5210.333333333333,0.15361461198899623
Skykomish summer Chinook 2021,Boat,4409.95,5210.333333333333,0.8463853880110038
Skykomish summer Chinook 2023,Bank,278.25,1495.05,0.18611417678338518
Skykomish summer Chinook 2023,Boat,1216.8,1495.05,0.8138858232166148
Skykomish summer Chinook and gamefish 2022,Bank,2620.75,6551.65,0.4000137369975503
Skykomish summer Chinook and gamefish 2022,Boat,3930.9,6551.65,0.5999862630024498
Skykomish summer Chinook and gamefish 2025,Bank,910.7666666666667,2147.7166666666667,0.42406276433111134
Skykomish summer Chinook and gamefish 2025,Boat,1236.95,2147.7166666666667,0.5759372356688887
Skykomish summer gamefish 2023,Bank,1149.95,1149.95,1
Skykomish summer steelhead 2024,Bank,897.6166666666667,897.6166666666667,1
Skykomish winter gamefish 2021-22,Bank,1548.8666666666666,1573.8666666666666,0.9841155540494747
Skykomish winter gamefish 2021-22,Boat,25,1573.8666666666666,0.015884445950525246
Skykomish winter gamefish 2022-23,Bank,1089.85,1420.9333333333332,0.7669958712583279
Skykomish winter gamefish 2022-23,Boat,331.0833333333333,1420.9333333333332,0.23300412874167215
Snohomish fall salmon 2021,Bank,2252.4166666666665,7540.950000000001,0.2986913673564559
Snohomish fall salmon 2021,Boat,5288.533333333334,7540.950000000001,0.701308632643544
Snohomish fall salmon 2022,Bank,77.06666666666666,238.6,0.3229952500698519
Snohomish fall salmon 2022,Boat,161.53333333333333,238.6,0.6770047499301481
Snohomish fall salmon 2023,Bank,5739.7,18168.283333333333,0.31591867512707583
Snohomish fall salmon 2023,Boat,12428.583333333334,18168.283333333333,0.6840813248729242
Snohomish fall salmon 2024,Bank,2719.25,9327.3,0.29153667192006266
Snohomish fall salmon 2024,Boat,6608.05,9327.3,0.7084633280799375
Snohomish fall salmon 2025,Bank,4034.366666666667,8736.433333333334,0.46178646510971294
Snohomish fall salmon 2025,Boat,4702.066666666667,8736.433333333334,0.538213534890287
Snoqualmie summer gamefish 2025,Bank,103.55,114.5,0.9043668122270742
Snoqualmie summer gamefish 2025,Boat,10.95,114.5,0.09563318777292576
Snoqualmie winter steelhead 2022-23,Bank,1314.7333333333333,1418.6166666666668,0.9267713852696875
Snoqualmie winter steelhead 2022-23,Boat,103.88333333333334,1418.6166666666668,0.07322861473031239
South Fork Skykomish summer gamefish 2025,Bank,30.3,30.3,1
South Fork Stillaguamish summer gamefish 2024 upper,Bank,497.48333333333335,497.48333333333335,1
South Fork Willapa winter steelhead 2022-23,Bank,75.78333333333333,75.78333333333333,1
South Fork Willapa winter steelhead 2023-24,Bank,54.166666666666664,54.166666666666664,1
Stillaguamish Winter Steelhead 2022-23,Bank,620.2,660.5500000000001,0.9389145409128756
Stillaguamish Winter Steelhead 2022-23,Boat,40.35,660.5500000000001,0.061085459087124365
Stillaguamish salmon and gamefish 2022-23,Bank,924.15,1028.5666666666666,0.8984833263116959
Stillaguamish salmon and gamefish 2022-23,Boat,104.41666666666667,1028.5666666666666,0.10151667368830412
Stillaguamish salmon and gamefish 2023-24,Bank,1184.6833333333334,1378.6833333333334,0.8592860337761874
Stillaguamish salmon and gamefish 2023-24,Boat,194,1378.6833333333334,0.14071396622381258
Stillaguamish salmon and gamefish 2024-25,Bank,2878.9166666666665,2994.1499999999996,0.9615138408786023
Stillaguamish salmon and gamefish 2024-25,Boat,115.23333333333333,2994.1499999999996,0.03848615912139784
Stillaguamish salmon and gamefish 2025-26,Bank,3236.9,3436.4333333333334,0.941935921934564
Stillaguamish salmon and gamefish 2025-26,Boat,199.53333333333333,3436.4333333333334,0.058064078065436064
Upper Chehalis salmon 2023,Bank,116.33333333333333,2766.6000000000004,0.042049206004963965
Upper Chehalis salmon 2023,Boat,2650.266666666667,2766.6000000000004,0.957950793995036
Wallace salmon and gamefish 2022-23,Bank,2415.2166666666667,2415.2166666666667,1
Wallace salmon and gamefish 2023-24,Bank,720.9833333333333,720.9833333333333,1
Wallace salmon and gamefish 2024-25,Bank,1888.5,1888.5,1
Willapa winter steelhead 2022,Bank,1391.65,1420.0833333333335,0.9799777008391526
Willapa winter steelhead 2022,Boat,28.433333333333334,1420.0833333333335,0.020022299160847367
Willapa winter steelhead 2022-23,Bank,1714.4,1739.8000000000002,0.985400620761007
Willapa winter steelhead 2022-23,Boat,25.4,1739.8000000000002,0.014599379238992986
Willapa winter steelhead 2023-24,Bank,2409.6666666666665,2696.1666666666665,0.8937380231192433
Willapa winter steelhead 2023-24,Boat,286.5,2696.1666666666665,0.10626197688075664
Wynoochee winter steelhead 2024-25,Bank,1366.9666666666667,5907.533333333333,0.23139381354880212
Wynoochee winter steelhead 2024-25,Boat,4540.566666666667,5907.533333333333,0.7686061864511979
Wynoochee winter steelhead 2025-26,Bank,1312.8333333333333,5135.283333333333,0.25564963958496284
Wynoochee winter steelhead 2025-26,Boat,3822.45,5135.283333333333,0.7443503604150372
