fishery_name,combined_type,hours,total_hours,prop
Baker summer sockeye 2022,Guided-Bank,0,7199.133333333333,0
Baker summer sockeye 2022,Guided-Boat,244.73333333333335,7199.133333333333,0.03399483271134489
Baker summer sockeye 2022,Unguided-Bank,29.733333333333334,7199.133333333333,0.004130126774519155
Baker summer sockeye 2022,Unguided-Boat,6924.666666666667,7199.133333333333,0.961875040514136
Baker summer sockeye 2023,Guided-Bank,0,5911.633333333333,0
Baker summer sockeye 2023,Guided-Boat,206.98333333333335,5911.633333333333,0.03501288420008007
Baker summer sockeye 2023,Unguided-Bank,104.68333333333334,5911.633333333333,0.01770802203564723
Baker summer sockeye 2023,Unguided-Boat,5599.966666666666,5911.633333333333,0.9472790937642727
Cascade fall salmon 2021,Guided-Bank,0,495.78333333333336,0
Cascade fall salmon 2021,Guided-Boat,0,495.78333333333336,0
Cascade fall salmon 2021,Unguided-Bank,495.78333333333336,495.78333333333336,1
Cascade fall salmon 2021,Unguided-Boat,0,495.78333333333336,0
Cascade fall salmon 2022,Guided-Bank,0,1169.7333333333333,0
Cascade fall salmon 2022,Guided-Boat,0,1169.7333333333333,0
Cascade fall salmon 2022,Unguided-Bank,1169.7333333333333,1169.7333333333333,1
Cascade fall salmon 2022,Unguided-Boat,0,1169.7333333333333,0
Cascade fall salmon 2023,Guided-Bank,5.683333333333334,1763.75,0.0032223009685802034
Cascade fall salmon 2023,Guided-Boat,0,1763.75,0
Cascade fall salmon 2023,Unguided-Bank,1758.0666666666666,1763.75,0.9967776990314198
Cascade fall salmon 2023,Unguided-Boat,0,1763.75,0
Cascade fall salmon 2024,Guided-Bank,0,1366.35,0
Cascade fall salmon 2024,Guided-Boat,0,1366.35,0
Cascade fall salmon 2024,Unguided-Bank,1366.35,1366.35,1
Cascade fall salmon 2024,Unguided-Boat,0,1366.35,0
Cascade spring Chinook 2022,Guided-Bank,0,2874.9666666666667,0
Cascade spring Chinook 2022,Guided-Boat,0,2874.9666666666667,0
Cascade spring Chinook 2022,Unguided-Bank,2874.9666666666667,2874.9666666666667,1
Cascade spring Chinook 2022,Unguided-Boat,0,2874.9666666666667,0
Cascade spring Chinook 2023,Guided-Bank,0,802.5,0
Cascade spring Chinook 2023,Guided-Boat,0,802.5,0
Cascade spring Chinook 2023,Unguided-Bank,802.5,802.5,1
Cascade spring Chinook 2023,Unguided-Boat,0,802.5,0
Cascade spring Chinook 2024,Guided-Bank,0,1101.65,0
Cascade spring Chinook 2024,Guided-Boat,0,1101.65,0
Cascade spring Chinook 2024,Unguided-Bank,1101.65,1101.65,1
Cascade spring Chinook 2024,Unguided-Boat,0,1101.65,0
Cascade winter gamefish 2021-22,Guided-Bank,0,63.6,0
Cascade winter gamefish 2021-22,Guided-Boat,0,63.6,0
Cascade winter gamefish 2021-22,Unguided-Bank,63.6,63.6,1
Cascade winter gamefish 2021-22,Unguided-Boat,0,63.6,0
Cascade winter gamefish 2023,Guided-Bank,0,25.566666666666666,0
Cascade winter gamefish 2023,Guided-Boat,0,25.566666666666666,0
Cascade winter gamefish 2023,Unguided-Bank,25.566666666666666,25.566666666666666,1
Cascade winter gamefish 2023,Unguided-Boat,0,25.566666666666666,0
Chehalis salmon 2022,Guided-Bank,0,8990.416666666666,0
Chehalis salmon 2022,Guided-Boat,1775.75,8990.416666666666,0.1975158733836956
Chehalis salmon 2022,Unguided-Bank,464.1166666666667,8990.416666666666,0.05162348797330491
Chehalis salmon 2022,Unguided-Boat,6750.55,8990.416666666666,0.7508606386429996
Chehalis salmon 2024,Guided-Bank,0,11508.483333333334,0
Chehalis salmon 2024,Guided-Boat,1161.7333333333333,11508.483333333334,0.10094582402256885
Chehalis salmon 2024,Unguided-Bank,1541.9333333333334,11508.483333333334,0.1339823231847811
Chehalis salmon 2024,Unguided-Boat,8804.816666666668,11508.483333333334,0.7650718527926501
Chehalis salmon 2025,Guided-Bank,12.5,11900.683333333334,0.0010503598532857355
Chehalis salmon 2025,Guided-Boat,1662.25,11900.683333333334,0.13967685328993712
Chehalis salmon 2025,Unguided-Bank,1119.2,11900.683333333334,0.09404501982379163
Chehalis salmon 2025,Unguided-Boat,9106.733333333334,11900.683333333334,0.7652277670329855
Chehalis winter steelhead 2024-25,Guided-Bank,0,2934.55,0
Chehalis winter steelhead 2024-25,Guided-Boat,257.1333333333333,2934.55,0.08762274738318765
Chehalis winter steelhead 2024-25,Unguided-Bank,596.65,2934.55,0.2033190778824692
Chehalis winter steelhead 2024-25,Unguided-Boat,2080.766666666667,2934.55,0.7090581747343432
Chehalis winter steelhead 2025-26,Guided-Bank,0,535.9666666666667,0
Chehalis winter steelhead 2025-26,Guided-Boat,70.15,535.9666666666667,0.1308850052863984
Chehalis winter steelhead 2025-26,Unguided-Bank,50.56666666666666,535.9666666666667,0.09434666334971079
Chehalis winter steelhead 2025-26,Unguided-Boat,415.25,535.9666666666667,0.7747683313638908
Drano Lake salmon and steelhead 2023,Guided-Bank,0,13376.633333333335,0
Drano Lake salmon and steelhead 2023,Guided-Boat,2952.766666666667,13376.633333333335,0.22074064475615437
Drano Lake salmon and steelhead 2023,Unguided-Bank,449.8,13376.633333333335,0.033625800213805665
Drano Lake salmon and steelhead 2023,Unguided-Boat,9974.066666666668,13376.633333333335,0.7456335550300399
Drano Lake salmon and steelhead 2024,Guided-Bank,45.733333333333334,13494.616666666667,0.003389005739325682
Drano Lake salmon and steelhead 2024,Guided-Boat,3168.6,13494.616666666667,0.23480474312596256
Drano Lake salmon and steelhead 2024,Unguided-Bank,734.9333333333334,13494.616666666667,0.05446122342613166
Drano Lake salmon and steelhead 2024,Unguided-Boat,9545.35,13494.616666666667,0.7073450277085801
Drano Lake salmon and steelhead 2025,Guided-Bank,0,11828.716666666667,0
Drano Lake salmon and steelhead 2025,Guided-Boat,2834.5333333333333,11828.716666666667,0.23963151821203482
Drano Lake salmon and steelhead 2025,Unguided-Bank,1314.3666666666666,11828.716666666667,0.11111659055716101
Drano Lake salmon and steelhead 2025,Unguided-Boat,7679.816666666667,11828.716666666667,0.6492518912308041
Drano Lake salmon and steelhead 2026,Guided-Bank,0,648.5999999999999,0
Drano Lake salmon and steelhead 2026,Guided-Boat,0,648.5999999999999,0
Drano Lake salmon and steelhead 2026,Unguided-Bank,45.05,648.5999999999999,0.06945729263028061
Drano Lake salmon and steelhead 2026,Unguided-Boat,603.55,648.5999999999999,0.9305427073697194
Drano Lake spring Chinook 2026,Guided-Bank,0,16068.083333333334,0
Drano Lake spring Chinook 2026,Guided-Boat,6382.283333333334,16068.083333333334,0.39720252882266605
Drano Lake spring Chinook 2026,Unguided-Bank,1190.9166666666667,16068.083333333334,0.07411690877879025
Drano Lake spring Chinook 2026,Unguided-Boat,8494.883333333333,16068.083333333334,0.5286805623985437
Hoh fall salmon 2023,Guided-Bank,32.28333333333333,767.6166666666667,0.04205658206135875
Hoh fall salmon 2023,Guided-Boat,178.78333333333333,767.6166666666667,0.23290704995983239
Hoh fall salmon 2023,Unguided-Bank,347.15,767.6166666666667,0.4522439585730725
Hoh fall salmon 2023,Unguided-Boat,209.4,767.6166666666667,0.2727924094057364
Hoh fall salmon 2025,Guided-Bank,0,2227.5,0
Hoh fall salmon 2025,Guided-Boat,892.6833333333333,2227.5,0.40075570520014964
Hoh fall salmon 2025,Unguided-Bank,515.6,2227.5,0.23147025813692482
Hoh fall salmon 2025,Unguided-Boat,819.2166666666667,2227.5,0.3677740366629256
Hoh winter steelhead 2022-23,Guided-Bank,2807.2833333333333,7203.683333333333,0.3897011019825506
Hoh winter steelhead 2022-23,Guided-Boat,102.15,7203.683333333333,0.014180245753908301
Hoh winter steelhead 2022-23,Unguided-Bank,4214.166666666667,7203.683333333333,0.5850016542463231
Hoh winter steelhead 2022-23,Unguided-Boat,80.08333333333334,7203.683333333333,0.011116998017218044
Hoh winter steelhead 2023-24,Guided-Bank,1420.6666666666667,8614.3,0.16491957171989213
Hoh winter steelhead 2023-24,Guided-Boat,1717.75,8614.3,0.1994068003203975
Hoh winter steelhead 2023-24,Unguided-Bank,3940.45,8614.3,0.45743124804104807
Hoh winter steelhead 2023-24,Unguided-Boat,1535.4333333333334,8614.3,0.1782423799186624
Hoh winter steelhead 2024-25,Guided-Bank,928.0833333333334,5551.833333333333,0.16716700189126715
Hoh winter steelhead 2024-25,Guided-Boat,1231.8666666666666,5551.833333333333,0.2218846627240251
Hoh winter steelhead 2024-25,Unguided-Bank,1828.0833333333333,5551.833333333333,0.3292756146618234
Hoh winter steelhead 2024-25,Unguided-Boat,1563.8,5551.833333333333,0.28167272072288435
Hoh winter steelhead 2025-26,Guided-Bank,832.6166666666667,7529,0.11058794882011777
Hoh winter steelhead 2025-26,Guided-Boat,2005.4,7529,0.2663567538849781
Hoh winter steelhead 2025-26,Unguided-Bank,2894.2,7529,0.3844069597556116
Hoh winter steelhead 2025-26,Unguided-Boat,1796.7833333333333,7529,0.23864833753929252
Humptulips salmon 2020,Guided-Bank,0,11068.033333333333,0
Humptulips salmon 2020,Guided-Boat,3095.7666666666664,11068.033333333333,0.2797034101210393
Humptulips salmon 2020,Unguided-Bank,3601.4666666666667,11068.033333333333,0.3253935507964378
Humptulips salmon 2020,Unguided-Boat,4370.8,11068.033333333333,0.394903039082523
Humptulips salmon 2021,Guided-Bank,19.4,7619.566666666667,0.002546076548535131
Humptulips salmon 2021,Guided-Boat,1612.4666666666667,7619.566666666667,0.211621833262609
Humptulips salmon 2021,Unguided-Bank,2081.0333333333333,7619.566666666667,0.2731170189030872
Humptulips salmon 2021,Unguided-Boat,3906.6666666666665,7619.566666666667,0.5127150712857687
Humptulips salmon 2022,Guided-Bank,17.25,6978.75,0.002471789360558839
Humptulips salmon 2022,Guided-Boat,1007.4333333333333,6978.75,0.14435727506119767
Humptulips salmon 2022,Unguided-Bank,2892.9666666666667,6978.75,0.4145393754851036
Humptulips salmon 2022,Unguided-Boat,3061.1,6978.75,0.43863156009313986
Humptulips salmon 2023,Guided-Bank,49.349999999999994,8730.95,0.005652305877367296
Humptulips salmon 2023,Guided-Boat,1264.6833333333334,8730.95,0.14485059854120494
Humptulips salmon 2023,Unguided-Bank,3310.6666666666665,8730.95,0.37918745001021265
Humptulips salmon 2023,Unguided-Boat,4106.25,8730.95,0.470309645571215
Humptulips salmon 2024,Guided-Bank,35.333333333333336,7964.733333333334,0.004436223016464247
Humptulips salmon 2024,Guided-Boat,1224.45,7964.733333333334,0.15373396054272584
Humptulips salmon 2024,Unguided-Bank,3629.7833333333333,7964.733333333334,0.45573193494655606
Humptulips salmon 2024,Unguided-Boat,3075.1666666666665,7964.733333333334,0.3860978814942538
Humptulips salmon 2025,Guided-Bank,21.333333333333336,7359.533333333333,0.0028987345212105847
Humptulips salmon 2025,Guided-Boat,709.7833333333333,7359.533333333333,0.0964440680115587
Humptulips salmon 2025,Unguided-Bank,3875.1,7359.533333333333,0.5265415379598344
Humptulips salmon 2025,Unguided-Boat,2753.3166666666666,7359.533333333333,0.37411565950739634
Humptulips winter steelhead 2024-25,Guided-Bank,2.716666666666667,2483.9666666666667,0.0010936808062373354
Humptulips winter steelhead 2024-25,Guided-Boat,232.81666666666666,2483.9666666666667,0.09372777412471987
Humptulips winter steelhead 2024-25,Unguided-Bank,1599.5833333333333,2483.9666666666667,0.6439632845314618
Humptulips winter steelhead 2024-25,Unguided-Boat,648.85,2483.9666666666667,0.26121526053758104
Humptulips winter steelhead 2025-26,Guided-Bank,0.6333333333333333,3666.8833333333337,1.727170667187848e-4
Humptulips winter steelhead 2025-26,Guided-Boat,296.76666666666665,3666.8833333333337,0.08093158131564952
Humptulips winter steelhead 2025-26,Unguided-Bank,2393.8333333333335,3666.8833333333337,0.6528250603373437
Humptulips winter steelhead 2025-26,Unguided-Boat,975.65,3666.8833333333337,0.26607064128028796
Lower Chehalis salmon 2023,Guided-Bank,0,5887.566666666667,0
Lower Chehalis salmon 2023,Guided-Boat,243.05,5887.566666666667,0.04128191046668969
Lower Chehalis salmon 2023,Unguided-Bank,709.0833333333334,5887.566666666667,0.12043741896765502
Lower Chehalis salmon 2023,Unguided-Boat,4935.433333333333,5887.566666666667,0.8382806705656554
Lower Cowlitz salmon and steelhead 2022-23,Guided-Bank,0,6055.05,0
Lower Cowlitz salmon and steelhead 2022-23,Guided-Boat,3956.4333333333334,6055.05,0.6534105140887909
Lower Cowlitz salmon and steelhead 2022-23,Unguided-Bank,115.78333333333333,6055.05,0.01912177989171573
Lower Cowlitz salmon and steelhead 2022-23,Unguided-Boat,1982.8333333333333,6055.05,0.3274677060194933
Lower Cowlitz salmon and steelhead 2023-24,Guided-Bank,84,17298.15,0.00485601061385177
Lower Cowlitz salmon and steelhead 2023-24,Guided-Boat,6872.066666666667,17298.15,0.39727176990988433
Lower Cowlitz salmon and steelhead 2023-24,Unguided-Bank,7398.783333333333,17298.15,0.42772107614590765
Lower Cowlitz salmon and steelhead 2023-24,Unguided-Boat,2943.3,17298.15,0.17015114333035614
Naselle winter steelhead 2022,Guided-Bank,0,807.9333333333334,0
Naselle winter steelhead 2022,Guided-Boat,26,807.9333333333334,0.0321808730093242
Naselle winter steelhead 2022,Unguided-Bank,765.9666666666667,807.9333333333334,0.9480567703605908
Naselle winter steelhead 2022,Unguided-Boat,15.966666666666667,807.9333333333334,0.01976235663008499
Naselle winter steelhead 2022-23,Guided-Bank,0,1206.2833333333333,0
Naselle winter steelhead 2022-23,Guided-Boat,0,1206.2833333333333,0
Naselle winter steelhead 2022-23,Unguided-Bank,1206.2833333333333,1206.2833333333333,1
Naselle winter steelhead 2022-23,Unguided-Boat,0,1206.2833333333333,0
Naselle winter steelhead 2023-24,Guided-Bank,28.133333333333333,2238.9666666666667,0.0125653203114532
Naselle winter steelhead 2023-24,Guided-Boat,66.95,2238.9666666666667,0.029902187020798287
Naselle winter steelhead 2023-24,Unguided-Bank,1625.5166666666667,2238.9666666666667,0.726011999583141
Naselle winter steelhead 2023-24,Unguided-Boat,518.3666666666667,2238.9666666666667,0.23152049308460748
Nooksack fall salmon 2023,Guided-Bank,0,111.13333333333334,0
Nooksack fall salmon 2023,Guided-Boat,0,111.13333333333334,0
Nooksack fall salmon 2023,Unguided-Bank,75.2,111.13333333333334,0.6766646670665867
Nooksack fall salmon 2023,Unguided-Boat,35.93333333333334,111.13333333333334,0.3233353329334133
Nooksack fall salmon 2024,Guided-Bank,0,148.83333333333331,0
Nooksack fall salmon 2024,Guided-Boat,0,148.83333333333331,0
Nooksack fall salmon 2024,Unguided-Bank,117.06666666666666,148.83333333333331,0.7865621500559911
Nooksack fall salmon 2024,Unguided-Boat,31.766666666666666,148.83333333333331,0.21343784994400897
Nooksack spring Chinook 2022,Guided-Bank,0,678.2333333333333,0
Nooksack spring Chinook 2022,Guided-Boat,0,678.2333333333333,0
Nooksack spring Chinook 2022,Unguided-Bank,639.65,678.2333333333333,0.943112006684032
Nooksack spring Chinook 2022,Unguided-Boat,38.583333333333336,678.2333333333333,0.05688799331596796
Nooksack spring Chinook 2026,Guided-Bank,0,1630.4666666666667,0
Nooksack spring Chinook 2026,Guided-Boat,46.400000000000006,1630.4666666666667,0.028458110152512577
Nooksack spring Chinook 2026,Unguided-Bank,1214.7,1630.4666666666667,0.7450014310831256
Nooksack spring Chinook 2026,Unguided-Boat,369.3666666666667,1630.4666666666667,0.22654045876436193
Nooksack winter gamefish 2021-22,Guided-Bank,0,1420.8833333333332,0
Nooksack winter gamefish 2021-22,Guided-Boat,0,1420.8833333333332,0
Nooksack winter gamefish 2021-22,Unguided-Bank,828.4,1420.8833333333332,0.5830176064185425
Nooksack winter gamefish 2021-22,Unguided-Boat,592.4833333333333,1420.8833333333332,0.4169823935814576
Nooksack winter gamefish 2022-23,Guided-Bank,33.15,1789.9166666666665,0.01852041528935239
Nooksack winter gamefish 2022-23,Guided-Boat,10.7,1789.9166666666665,0.005977931933516458
Nooksack winter gamefish 2022-23,Unguided-Bank,1206,1789.9166666666665,0.6737743842823223
Nooksack winter gamefish 2022-23,Unguided-Boat,540.0666666666666,1789.9166666666665,0.30172726849480885
Post Quillayute winter steelhead 2023-24,Guided-Bank,678.75,4664.75,0.1455061900423388
Post Quillayute winter steelhead 2023-24,Guided-Boat,1671.2166666666667,4664.75,0.3582650016971256
Post Quillayute winter steelhead 2023-24,Unguided-Bank,677.95,4664.75,0.14533469103381746
Post Quillayute winter steelhead 2023-24,Unguided-Boat,1636.8333333333333,4664.75,0.3508941172267181
Pre Quillayute winter steelhead 2023-24,Guided-Bank,200.26666666666668,1430.5333333333333,0.1399944076801193
Pre Quillayute winter steelhead 2023-24,Guided-Boat,533.3166666666666,1430.5333333333333,0.37280967471339355
Pre Quillayute winter steelhead 2023-24,Unguided-Bank,344.6666666666667,1430.5333333333333,0.24093578152670334
Pre Quillayute winter steelhead 2023-24,Unguided-Boat,352.2833333333333,1430.5333333333333,0.24626013607978375
Puyallup Carbon salmon 2024,Guided-Bank,0,3.966666666666667,0
Puyallup Carbon salmon 2024,Guided-Boat,0,3.966666666666667,0
Puyallup Carbon salmon 2024,Unguided-Bank,0,3.966666666666667,0
Puyallup Carbon salmon 2024,Unguided-Boat,3.966666666666667,3.966666666666667,1
Queets winter steelhead 2024-25,Guided-Bank,20.516666666666666,620.9833333333333,0.03303899728924555
Queets winter steelhead 2024-25,Guided-Boat,75.18333333333334,620.9833333333333,0.12107141898601681
Queets winter steelhead 2024-25,Unguided-Bank,237.83333333333334,620.9833333333333,0.38299471268686763
Queets winter steelhead 2024-25,Unguided-Boat,287.45,620.9833333333333,0.46289487103787
Queets winter steelhead 2025-26,Guided-Bank,55.06666666666666,521.0833333333333,0.10567727490804414
Queets winter steelhead 2025-26,Guided-Boat,40.099999999999994,521.0833333333333,0.07695506157044618
Queets winter steelhead 2025-26,Unguided-Bank,269.26666666666665,521.0833333333333,0.5167439628978091
Queets winter steelhead 2025-26,Unguided-Boat,156.65,521.0833333333333,0.3006237006237007
Quillayute fall salmon 2022,Guided-Bank,66.66666666666666,4027.75,0.016551838288539917
Quillayute fall salmon 2022,Guided-Boat,776.5,4027.75,0.19278753646576874
Quillayute fall salmon 2022,Unguided-Bank,1672.3666666666668,4027.75,0.4152111393871682
Quillayute fall salmon 2022,Unguided-Boat,1512.2166666666667,4027.75,0.37544948585852317
Quillayute fall salmon 2023,Guided-Bank,0,3140.9333333333334,0
Quillayute fall salmon 2023,Guided-Boat,605.6333333333333,3140.9333333333334,0.19281954408456084
Quillayute fall salmon 2023,Unguided-Bank,1662.2166666666667,3140.9333333333334,0.5292110625291845
Quillayute fall salmon 2023,Unguided-Boat,873.0833333333334,3140.9333333333334,0.27796939338625465
Quillayute fall salmon 2024,Guided-Bank,67.55,5863.616666666667,0.011520193737084905
Quillayute fall salmon 2024,Guided-Boat,1333.8,5863.616666666667,0.22747053155475716
Quillayute fall salmon 2024,Unguided-Bank,2586.5,5863.616666666667,0.4411100088966707
Quillayute fall salmon 2024,Unguided-Boat,1875.7666666666667,5863.616666666667,0.3198992658114872
Quillayute fall salmon 2025,Guided-Bank,33.266666666666666,5898.916666666667,0.005639453571983556
Quillayute fall salmon 2025,Guided-Boat,1063.75,5898.916666666667,0.1803297215590433
Quillayute fall salmon 2025,Unguided-Bank,2954.8166666666666,5898.916666666667,0.5009083588794553
Quillayute fall salmon 2025,Unguided-Boat,1847.0833333333333,5898.916666666667,0.3131224659895178
Quillayute spring chinook 2025,Guided-Bank,17.9,1587.2166666666667,0.01127760335177932
Quillayute spring chinook 2025,Guided-Boat,739.9166666666666,1587.2166666666667,0.46617244022555204
Quillayute spring chinook 2025,Unguided-Bank,286.76666666666665,1587.2166666666667,0.18067266598763032
Quillayute spring chinook 2025,Unguided-Boat,542.6333333333333,1587.2166666666667,0.3418772904350383
Quillayute spring chinook 2026,Guided-Bank,26.3,1382.5166666666667,0.019023278803148847
Quillayute spring chinook 2026,Guided-Boat,478.48333333333335,1382.5166666666667,0.3460958879338405
Quillayute spring chinook 2026,Unguided-Bank,258.85,1382.5166666666667,0.1872310159009536
Quillayute spring chinook 2026,Unguided-Boat,618.8833333333333,1382.5166666666667,0.4476498173620571
Quillayute winter steelhead 2022-23,Guided-Bank,715.2,3107.65,0.23014174697922868
Quillayute winter steelhead 2022-23,Guided-Boat,916.7166666666667,3107.65,0.2949871017220944
Quillayute winter steelhead 2022-23,Unguided-Bank,869.8833333333333,3107.65,0.2799167645434117
Quillayute winter steelhead 2022-23,Unguided-Boat,605.85,3107.65,0.19495438675526525
Quillayute winter steelhead 2024-25,Guided-Bank,997.65,7500.8499999999995,0.1330049261083744
Quillayute winter steelhead 2024-25,Guided-Boat,2490.883333333333,7500.8499999999995,0.3320801420283479
Quillayute winter steelhead 2024-25,Unguided-Bank,2268.1666666666665,7500.8499999999995,0.3023879515877089
Quillayute winter steelhead 2024-25,Unguided-Boat,1744.15,7500.8499999999995,0.23252698027556878
Quillayute winter steelhead 2025-26,Guided-Bank,1082.75,10758.4,0.10064228881618084
Quillayute winter steelhead 2025-26,Guided-Boat,2889.1833333333334,10758.4,0.2685513954987111
Quillayute winter steelhead 2025-26,Unguided-Bank,3817.3,10758.4,0.35482041939321834
Quillayute winter steelhead 2025-26,Unguided-Boat,2969.1666666666665,10758.4,0.27598589629188974
Quinault winter steelhead 2024-25,Guided-Bank,5.5,417.93333333333334,0.013159993619397034
Quinault winter steelhead 2024-25,Guided-Boat,122.86666666666667,417.93333333333334,0.293986281703621
Quinault winter steelhead 2024-25,Unguided-Bank,184.33333333333334,417.93333333333334,0.44105918009251877
Quinault winter steelhead 2024-25,Unguided-Boat,105.23333333333333,417.93333333333334,0.2517945445844632
Quinault winter steelhead 2025-26,Guided-Bank,0,204.8,0
Quinault winter steelhead 2025-26,Guided-Boat,0,204.8,0
Quinault winter steelhead 2025-26,Unguided-Bank,134.3,204.8,0.65576171875
Quinault winter steelhead 2025-26,Unguided-Boat,70.5,204.8,0.34423828125
Satsop salmon 2022,Guided-Bank,0,2944.7166666666667,0
Satsop salmon 2022,Guided-Boat,93.33333333333334,2944.7166666666667,0.03169518289818489
Satsop salmon 2022,Unguided-Bank,1454.7833333333333,2944.7166666666667,0.49403168386319
Satsop salmon 2022,Unguided-Boat,1396.6,2944.7166666666667,0.4742731332386251
Satsop salmon 2023,Guided-Bank,0,2936.4333333333334,0
Satsop salmon 2023,Guided-Boat,157.71666666666667,2936.4333333333334,0.053710283450444415
Satsop salmon 2023,Unguided-Bank,1440.9833333333333,2936.4333333333334,0.490725710328857
Satsop salmon 2023,Unguided-Boat,1337.7333333333333,2936.4333333333334,0.4555640062206986
Satsop salmon 2024,Guided-Bank,0,4372.066666666667,0
Satsop salmon 2024,Guided-Boat,236.53333333333333,4372.066666666667,0.054101035360851465
Satsop salmon 2024,Unguided-Bank,2367.016666666667,4372.066666666667,0.5413953736600541
Satsop salmon 2024,Unguided-Boat,1768.5166666666667,4372.066666666667,0.40450359097909455
Satsop salmon 2025,Guided-Bank,0,3038.25,0
Satsop salmon 2025,Guided-Boat,352.23333333333335,3038.25,0.11593296579719686
Satsop salmon 2025,Unguided-Bank,1291.0666666666666,3038.25,0.4249376011410077
Satsop salmon 2025,Unguided-Boat,1394.95,3038.25,0.45912943306179543
Satsop winter steelhead 2024-25,Guided-Bank,0,3115.5166666666664,0
Satsop winter steelhead 2024-25,Guided-Boat,264.6,3115.5166666666664,0.08492973343105212
Satsop winter steelhead 2024-25,Unguided-Bank,943.1166666666667,3115.5166666666664,0.30271597541338785
Satsop winter steelhead 2024-25,Unguided-Boat,1907.8,3115.5166666666664,0.6123542911555601
Satsop winter steelhead 2025-26,Guided-Bank,0,1350.6666666666667,0
Satsop winter steelhead 2025-26,Guided-Boat,270.8333333333333,1350.6666666666667,0.20051826258637706
Satsop winter steelhead 2025-26,Unguided-Bank,304.35,1350.6666666666667,0.22533316880552814
Satsop winter steelhead 2025-26,Unguided-Boat,775.4833333333333,1350.6666666666667,0.5741485686080947
Skagit fall salmon 2021,Guided-Bank,0,5834.05,0
Skagit fall salmon 2021,Guided-Boat,234.85,5834.05,0.04025505437903343
Skagit fall salmon 2021,Unguided-Bank,2297.65,5834.05,0.39383447176489744
Skagit fall salmon 2021,Unguided-Boat,3301.55,5834.05,0.5659104738560691
Skagit fall salmon 2022,Guided-Bank,47.46666666666666,13898.066666666668,0.00341534314125226
Skagit fall salmon 2022,Guided-Boat,1293.6333333333334,13898.066666666668,0.09308009267476051
Skagit fall salmon 2022,Unguided-Bank,2537.116666666667,13898.066666666668,0.18255176979052243
Skagit fall salmon 2022,Unguided-Boat,10019.85,13898.066666666668,0.7209527943934648
Skagit fall salmon 2023,Guided-Bank,68.78333333333333,17294.6,0.00397715664619785
Skagit fall salmon 2023,Guided-Boat,979.9,17294.6,0.056659304060226894
Skagit fall salmon 2023,Unguided-Bank,7230.683333333333,17294.6,0.418089075973618
Skagit fall salmon 2023,Unguided-Boat,9015.233333333334,17294.6,0.5212744633199573
Skagit fall salmon 2024,Guided-Bank,37.93333333333333,10974.05,0.003456639375010441
Skagit fall salmon 2024,Guided-Boat,672.2833333333333,10974.05,0.0612611873768876
Skagit fall salmon 2024,Unguided-Bank,3725.5666666666666,10974.05,0.3394887636439297
Skagit fall salmon 2024,Unguided-Boat,6538.266666666666,10974.05,0.5957934096041723
Skagit fall salmon 2025,Guided-Bank,241.45,17457.283333333333,0.013830903433810339
Skagit fall salmon 2025,Guided-Boat,1210.1666666666667,17457.283333333333,0.06932159165658651
Skagit fall salmon 2025,Unguided-Bank,8681.85,17457.283333333333,0.49731964786426297
Skagit fall salmon 2025,Unguided-Boat,7323.816666666667,17457.283333333333,0.4195278570453402
Skagit spring Chinook 2021 lower,Guided-Bank,0,506.03333333333336,0
Skagit spring Chinook 2021 lower,Guided-Boat,0,506.03333333333336,0
Skagit spring Chinook 2021 lower,Unguided-Bank,277.48333333333335,506.03333333333336,0.5483499110730519
Skagit spring Chinook 2021 lower,Unguided-Boat,228.55,506.03333333333336,0.45165008892694813
Skagit spring Chinook 2022 lower,Guided-Bank,0,1305.1666666666665,0
Skagit spring Chinook 2022 lower,Guided-Boat,0,1305.1666666666665,0
Skagit spring Chinook 2022 lower,Unguided-Bank,893.4166666666666,1305.1666666666665,0.6845230494189759
Skagit spring Chinook 2022 lower,Unguided-Boat,411.75,1305.1666666666665,0.31547695058102415
Skagit spring Chinook 2022 upper,Guided-Bank,0,778,0
Skagit spring Chinook 2022 upper,Guided-Boat,295.2,778,0.3794344473007712
Skagit spring Chinook 2022 upper,Unguided-Bank,257.78333333333336,778,0.33134104541559556
Skagit spring Chinook 2022 upper,Unguided-Boat,225.01666666666668,778,0.28922450728363325
Skagit spring Chinook 2023 lower,Guided-Bank,0,965.9166666666667,0
Skagit spring Chinook 2023 lower,Guided-Boat,0,965.9166666666667,0
Skagit spring Chinook 2023 lower,Unguided-Bank,514.1,965.9166666666667,0.5322405314468122
Skagit spring Chinook 2023 lower,Unguided-Boat,451.81666666666666,965.9166666666667,0.4677594685531878
Skagit spring Chinook 2023 upper,Guided-Bank,2.6,1080.1,0.0024071845199518565
Skagit spring Chinook 2023 upper,Guided-Boat,260.45,1080.1,0.2411350800851773
Skagit spring Chinook 2023 upper,Unguided-Bank,405.01666666666665,1080.1,0.3749807116625004
Skagit spring Chinook 2023 upper,Unguided-Boat,412.03333333333336,1080.1,0.3814770237323705
Skagit spring Chinook 2024 lower,Guided-Bank,0,1798.35,0
Skagit spring Chinook 2024 lower,Guided-Boat,0,1798.35,0
Skagit spring Chinook 2024 lower,Unguided-Bank,947.1833333333334,1798.35,0.5266957674164281
Skagit spring Chinook 2024 lower,Unguided-Boat,851.1666666666666,1798.35,0.47330423258357196
Skagit spring Chinook 2024 upper,Guided-Bank,0,2613.0666666666666,0
Skagit spring Chinook 2024 upper,Guided-Boat,269.45,2613.0666666666666,0.1031163894274926
Skagit spring Chinook 2024 upper,Unguided-Bank,1928.9,2613.0666666666666,0.7381748137565058
Skagit spring Chinook 2024 upper,Unguided-Boat,414.7166666666667,2613.0666666666666,0.15870879681600164
Skagit spring Chinook 2025 lower,Guided-Bank,4.5,928.1166666666667,0.004848528381848546
Skagit spring Chinook 2025 lower,Guided-Boat,0,928.1166666666667,0
Skagit spring Chinook 2025 lower,Unguided-Bank,501.73333333333335,928.1166666666667,0.5405929570635876
Skagit spring Chinook 2025 lower,Unguided-Boat,421.8833333333333,928.1166666666667,0.45455851455456386
Skagit spring Chinook 2025 upper,Guided-Bank,32.86666666666667,3304.4166666666665,0.009946284013819888
Skagit spring Chinook 2025 upper,Guided-Boat,281.4666666666667,3304.4166666666665,0.08517892719340278
Skagit spring Chinook 2025 upper,Unguided-Bank,2448.633333333333,3304.4166666666665,0.7410183340478652
Skagit spring Chinook 2025 upper,Unguided-Boat,541.45,3304.4166666666665,0.16385645474491214
Skagit spring Chinook 2026 lower,Guided-Bank,0,1527,0
Skagit spring Chinook 2026 lower,Guided-Boat,22.933333333333334,1527,0.015018554900676708
Skagit spring Chinook 2026 lower,Unguided-Bank,639.3833333333333,1527,0.41871862038856145
Skagit spring Chinook 2026 lower,Unguided-Boat,864.6833333333333,1527,0.5662628247107618
Skagit spring Chinook 2026 upper,Guided-Bank,0.06666666666666667,2557.4833333333336,2.606729271614673e-5
Skagit spring Chinook 2026 upper,Guided-Boat,361.23333333333335,2557.4833333333336,0.14124562558244105
Skagit spring Chinook 2026 upper,Unguided-Bank,1301.6333333333334,2557.4833333333336,0.5089508566364068
Skagit spring Chinook 2026 upper,Unguided-Boat,894.55,2557.4833333333336,0.34977745048843584
Skagit spring gamefish 2025,Guided-Bank,0,9.733333333333333,0
Skagit spring gamefish 2025,Guided-Boat,0,9.733333333333333,0
Skagit spring gamefish 2025,Unguided-Bank,1,9.733333333333333,0.10273972602739727
Skagit spring gamefish 2025,Unguided-Boat,8.733333333333333,9.733333333333333,0.8972602739726028
Skagit summer gamefish 2022,Guided-Bank,0,367,0
Skagit summer gamefish 2022,Guided-Boat,35.81666666666666,367,0.09759309718437782
Skagit summer gamefish 2022,Unguided-Bank,179.21666666666667,367,0.48832879200726614
Skagit summer gamefish 2022,Unguided-Boat,151.96666666666667,367,0.41407811080835605
Skagit summer gamefish 2024,Guided-Bank,0,177.21666666666667,0
Skagit summer gamefish 2024,Guided-Boat,0,177.21666666666667,0
Skagit summer gamefish 2024,Unguided-Bank,60.199999999999996,177.21666666666667,0.3396971691902567
Skagit summer gamefish 2024,Unguided-Boat,117.01666666666667,177.21666666666667,0.6603028308097433
Skagit summer sockeye 2022,Guided-Bank,0,3024.3833333333337,0
Skagit summer sockeye 2022,Guided-Boat,0,3024.3833333333337,0
Skagit summer sockeye 2022,Unguided-Bank,2192.05,3024.3833333333337,0.7247923819180769
Skagit summer sockeye 2022,Unguided-Boat,832.3333333333334,3024.3833333333337,0.275207618081923
Skagit summer sockeye 2023,Guided-Bank,0,1521.35,0
Skagit summer sockeye 2023,Guided-Boat,160.88333333333333,1521.35,0.10575037521499546
Skagit summer sockeye 2023,Unguided-Bank,980.7,1521.35,0.6446248397804583
Skagit summer sockeye 2023,Unguided-Boat,379.76666666666665,1521.35,0.2496247850045464
Skagit summer sockeye 2024,Guided-Bank,0,4009.9333333333334,0
Skagit summer sockeye 2024,Guided-Boat,136.56666666666666,4009.9333333333334,0.034057091555969345
Skagit summer sockeye 2024,Unguided-Bank,2283.4166666666665,4009.9333333333334,0.5694400571913082
Skagit summer sockeye 2024,Unguided-Boat,1589.95,4009.9333333333334,0.3965028512527224
Skagit summer sockeye 2025,Guided-Bank,0,4269.116666666667,0
Skagit summer sockeye 2025,Guided-Boat,51.93333333333333,4269.116666666667,0.012164889692247029
Skagit summer sockeye 2025,Unguided-Bank,2004.4166666666667,4269.116666666667,0.469515551616845
Skagit summer sockeye 2025,Unguided-Boat,2212.7666666666664,4269.116666666667,0.5183195586909078
Skagit summer sockeye 2026,Guided-Bank,0,3730.1833333333334,0
Skagit summer sockeye 2026,Guided-Boat,283.31666666666666,3730.1833333333334,0.07595247776025307
Skagit summer sockeye 2026,Unguided-Bank,1543.3333333333333,3730.1833333333334,0.4137419519147852
Skagit summer sockeye 2026,Unguided-Boat,1903.5333333333333,3730.1833333333334,0.5103055703249617
Skagit winter gamefish 2021-22,Guided-Bank,65.8,1160.0833333333333,0.05672006321384958
Skagit winter gamefish 2021-22,Guided-Boat,30.183333333333337,1160.0833333333333,0.026018245815674166
Skagit winter gamefish 2021-22,Unguided-Bank,597.2333333333333,1160.0833333333333,0.5148193376912579
Skagit winter gamefish 2021-22,Unguided-Boat,466.8666666666667,1160.0833333333333,0.40244235327921846
Skagit winter gamefish 2022-23,Guided-Bank,18.95,1954.7833333333333,0.009694169004237469
Skagit winter gamefish 2022-23,Guided-Boat,31.6,1954.7833333333333,0.016165474434506808
Skagit winter gamefish 2022-23,Unguided-Bank,1143.5,1954.7833333333333,0.5849753169575486
Skagit winter gamefish 2022-23,Unguided-Boat,760.7333333333333,1954.7833333333333,0.3891650396037072
Skagit winter gamefish 2024,Guided-Bank,0,409.58333333333337,0
Skagit winter gamefish 2024,Guided-Boat,13.2,409.58333333333337,0.03222787385554425
Skagit winter gamefish 2024,Unguided-Bank,271.85,409.58333333333337,0.6637232960325534
Skagit winter gamefish 2024,Unguided-Boat,124.53333333333333,409.58333333333337,0.3040488301119023
Skagit winter gamefish 2025,Guided-Bank,16.466666666666665,720.3,0.02286084501827942
Skagit winter gamefish 2025,Guided-Boat,0,720.3,0
Skagit winter gamefish 2025,Unguided-Bank,407.25,720.3,0.5653894210745523
Skagit winter gamefish 2025,Unguided-Boat,296.5833333333333,720.3,0.4117497339071683
Skagit winter steelhead 2021,Guided-Bank,42.483333333333334,17158.016666666666,0.0024760048995561843
Skagit winter steelhead 2021,Guided-Boat,1594.7666666666667,17158.016666666666,0.09294586301252768
Skagit winter steelhead 2021,Unguided-Bank,4141.75,17158.016666666666,0.24138862203382092
Skagit winter steelhead 2021,Unguided-Boat,11379.016666666666,17158.016666666666,0.6631895100540952
Skagit winter steelhead 2023,Guided-Bank,132.51666666666668,7853.2,0.016874225368851765
Skagit winter steelhead 2023,Guided-Boat,439.8666666666667,7853.2,0.05601113771031766
Skagit winter steelhead 2023,Unguided-Bank,3479.4666666666667,7853.2,0.4430635494660351
Skagit winter steelhead 2023,Unguided-Boat,3801.35,7853.2,0.48405108745479547
Skagit winter steelhead 2024,Guided-Bank,472.78333333333336,13925,0.033952124476361464
Skagit winter steelhead 2024,Guided-Boat,1623.3166666666666,13925,0.11657570317175343
Skagit winter steelhead 2024,Unguided-Bank,5154.9,13925,0.3701903052064632
Skagit winter steelhead 2024,Unguided-Boat,6674,13925,0.4792818671454219
Skagit winter steelhead 2025,Guided-Bank,357.06666666666666,11253.716666666667,0.031728777011446586
Skagit winter steelhead 2025,Guided-Boat,1105.5666666666666,11253.716666666667,0.09824013696215916
Skagit winter steelhead 2025,Unguided-Bank,4658.416666666667,11253.716666666667,0.4139447264089049
Skagit winter steelhead 2025,Unguided-Boat,5132.666666666667,11253.716666666667,0.45608635961748933
Skookumchuck winter steelhead 2024-25,Guided-Bank,0,2221.35,0
Skookumchuck winter steelhead 2024-25,Guided-Boat,0,2221.35,0
Skookumchuck winter steelhead 2024-25,Unguided-Bank,2210.6833333333334,2221.35,0.9951981152602397
Skookumchuck winter steelhead 2024-25,Unguided-Boat,10.666666666666666,2221.35,0.004801884739760356
Skookumchuck winter steelhead 2025-26,Guided-Bank,0,1199.1333333333334,0
Skookumchuck winter steelhead 2025-26,Guided-Boat,0,1199.1333333333334,0
Skookumchuck winter steelhead 2025-26,Unguided-Bank,1199.1333333333334,1199.1333333333334,1
Skookumchuck winter steelhead 2025-26,Unguided-Boat,0,1199.1333333333334,0
Skykomish summer Chinook 2020,Guided-Bank,0,1280.05,0
Skykomish summer Chinook 2020,Guided-Boat,1023.5,1280.05,0.7995781414788485
Skykomish summer Chinook 2020,Unguided-Bank,32.583333333333336,1280.05,0.02545473484108694
Skykomish summer Chinook 2020,Unguided-Boat,223.96666666666667,1280.05,0.1749671236800646
Skykomish summer Chinook 2021,Guided-Bank,0,2643.1666666666665,0
Skykomish summer Chinook 2021,Guided-Boat,1366.3,2643.1666666666665,0.5169178384513525
Skykomish summer Chinook 2021,Unguided-Bank,49.21666666666667,2643.1666666666665,0.018620341761775648
Skykomish summer Chinook 2021,Unguided-Boat,1227.65,2643.1666666666665,0.46446181978687184
Skykomish summer Chinook and gamefish 2022,Guided-Bank,5.666666666666667,5826.6,9.725511733543862e-4
Skykomish summer Chinook and gamefish 2022,Guided-Boat,1484.95,5826.6,0.2548570349775169
Skykomish summer Chinook and gamefish 2022,Unguided-Bank,2299.1,5826.6,0.39458689458689455
Skykomish summer Chinook and gamefish 2022,Unguided-Boat,2036.8833333333334,5826.6,0.34958351926223413
Skykomish summer Chinook and gamefish 2025,Guided-Bank,0,1767.8,0
Skykomish summer Chinook and gamefish 2025,Guided-Boat,320.1166666666667,1767.8,0.1810819474299506
Skykomish summer Chinook and gamefish 2025,Unguided-Bank,769.2833333333333,1767.8,0.43516423426481127
Skykomish summer Chinook and gamefish 2025,Unguided-Boat,678.4,1767.8,0.38375381830523814
Skykomish winter gamefish 2021-22,Guided-Bank,0,1111.6666666666667,0
Skykomish winter gamefish 2021-22,Guided-Boat,0,1111.6666666666667,0
Skykomish winter gamefish 2021-22,Unguided-Bank,1101.0333333333333,1111.6666666666667,0.9904347826086956
Skykomish winter gamefish 2021-22,Unguided-Boat,10.633333333333333,1111.6666666666667,0.009565217391304347
Skykomish winter gamefish 2022-23,Guided-Bank,0,1.95,0
Skykomish winter gamefish 2022-23,Guided-Boat,0,1.95,0
Skykomish winter gamefish 2022-23,Unguided-Bank,1.95,1.95,1
Skykomish winter gamefish 2022-23,Unguided-Boat,0,1.95,0
Snohomish fall salmon 2021,Guided-Bank,0,5453.883333333333,0
Snohomish fall salmon 2021,Guided-Boat,124.2,5453.883333333333,0.022772764360562657
Snohomish fall salmon 2021,Unguided-Bank,1589.5333333333333,5453.883333333333,0.29144982321465135
Snohomish fall salmon 2021,Unguided-Boat,3740.15,5453.883333333333,0.6857774124247861
Snohomish fall salmon 2023,Guided-Bank,0,209.88333333333333,0
Snohomish fall salmon 2023,Guided-Boat,209.88333333333333,209.88333333333333,1
Snohomish fall salmon 2023,Unguided-Bank,0,209.88333333333333,0
Snohomish fall salmon 2023,Unguided-Boat,0,209.88333333333333,0
Snohomish fall salmon 2024,Guided-Bank,0,140,0
Snohomish fall salmon 2024,Guided-Boat,140,140,1
Snohomish fall salmon 2024,Unguided-Bank,0,140,0
Snohomish fall salmon 2024,Unguided-Boat,0,140,0
Snohomish fall salmon 2025,Guided-Bank,0.43333333333333335,8413.85,5.150238396611935e-5
Snohomish fall salmon 2025,Guided-Boat,192.95,8413.85,0.022932426891375528
Snohomish fall salmon 2025,Unguided-Bank,3866.366666666667,8413.85,0.45952407835493464
Snohomish fall salmon 2025,Unguided-Boat,4354.1,8413.85,0.5174919923697238
South Fork Willapa winter steelhead 2022-23,Guided-Bank,0,75.78333333333333,0
South Fork Willapa winter steelhead 2022-23,Guided-Boat,0,75.78333333333333,0
South Fork Willapa winter steelhead 2022-23,Unguided-Bank,75.78333333333333,75.78333333333333,1
South Fork Willapa winter steelhead 2022-23,Unguided-Boat,0,75.78333333333333,0
South Fork Willapa winter steelhead 2023-24,Guided-Bank,0,54.166666666666664,0
South Fork Willapa winter steelhead 2023-24,Guided-Boat,0,54.166666666666664,0
South Fork Willapa winter steelhead 2023-24,Unguided-Bank,54.166666666666664,54.166666666666664,1
South Fork Willapa winter steelhead 2023-24,Unguided-Boat,0,54.166666666666664,0
Stillaguamish salmon and gamefish 2024-25,Guided-Bank,0.8166666666666667,0.8166666666666667,1
Stillaguamish salmon and gamefish 2024-25,Guided-Boat,0,0.8166666666666667,0
Stillaguamish salmon and gamefish 2024-25,Unguided-Bank,0,0.8166666666666667,0
Stillaguamish salmon and gamefish 2024-25,Unguided-Boat,0,0.8166666666666667,0
Stillaguamish salmon and gamefish 2025-26,Guided-Bank,0,2742.1666666666665,0
Stillaguamish salmon and gamefish 2025-26,Guided-Boat,0,2742.1666666666665,0
Stillaguamish salmon and gamefish 2025-26,Unguided-Bank,2641.6666666666665,2742.1666666666665,0.9633501489090136
Stillaguamish salmon and gamefish 2025-26,Unguided-Boat,100.5,2742.1666666666665,0.03664985109098645
Upper Chehalis salmon 2023,Guided-Bank,0,2766.6,0
Upper Chehalis salmon 2023,Guided-Boat,806.5,2766.6,0.29151304850719295
Upper Chehalis salmon 2023,Unguided-Bank,116.33333333333333,2766.6,0.04204920600496397
Upper Chehalis salmon 2023,Unguided-Boat,1843.7666666666667,2766.6,0.6664377454878431
Willapa winter steelhead 2022,Guided-Bank,31.833333333333332,1420.0833333333333,0.022416524851827945
Willapa winter steelhead 2022,Guided-Boat,0,1420.0833333333333,0
Willapa winter steelhead 2022,Unguided-Bank,1359.8166666666666,1420.0833333333333,0.9575611759873247
Willapa winter steelhead 2022,Unguided-Boat,28.433333333333334,1420.0833333333333,0.02002229916084737
Willapa winter steelhead 2022-23,Guided-Bank,0,1730.9166666666667,0
Willapa winter steelhead 2022-23,Guided-Boat,0,1730.9166666666667,0
Willapa winter steelhead 2022-23,Unguided-Bank,1705.5166666666667,1730.9166666666667,0.9853256944778778
Willapa winter steelhead 2022-23,Unguided-Boat,25.4,1730.9166666666667,0.014674305522122188
Willapa winter steelhead 2023-24,Guided-Bank,6.433333333333334,2692.133333333333,0.0023896785696597496
Willapa winter steelhead 2023-24,Guided-Boat,0,2692.133333333333,0
Willapa winter steelhead 2023-24,Unguided-Bank,2399.2,2692.133333333333,0.8911891436778763
Willapa winter steelhead 2023-24,Unguided-Boat,286.5,2692.133333333333,0.10642117775246397
Wynoochee winter steelhead 2024-25,Guided-Bank,26.45,5885.6,0.004494019301345657
Wynoochee winter steelhead 2024-25,Guided-Boat,1092.8833333333334,5885.6,0.1856876670744416
Wynoochee winter steelhead 2024-25,Unguided-Bank,1340.5166666666667,5885.6,0.22776210864935886
Wynoochee winter steelhead 2024-25,Unguided-Boat,3425.75,5885.6,0.5820562049748539
Wynoochee winter steelhead 2025-26,Guided-Bank,27.150000000000002,5135.283333333334,0.005286952683558518
Wynoochee winter steelhead 2025-26,Guided-Boat,1274.6666666666667,5135.283333333334,0.24821739793649814
Wynoochee winter steelhead 2025-26,Unguided-Bank,1285.6833333333334,5135.283333333334,0.25036268690140434
Wynoochee winter steelhead 2025-26,Unguided-Boat,2547.7833333333333,5135.283333333334,0.49613296247853894
