block,river_label,year,tier,source_id,method,location_basis,mode_basis,n_rows
ColumbiaTrib,Drano Lake,2022,P1,creel_pe,design-based PE (pe_period=month); trip_length_source=month; estimated,design_stratum,no_proportion_available,7
ColumbiaTrib,Drano Lake,2022,P1,creel_pe,design-based PE (pe_period=month); trip_length_source=month; zero_effort,design_stratum,no_proportion_available,1
ColumbiaTrib,Drano Lake,2023,P1,creel_pe,design-based PE (pe_period=month); trip_length_source=area_season; estimated_donor,design_stratum,fishery_year_interviews,1
ColumbiaTrib,Drano Lake,2023,P1,creel_pe,design-based PE (pe_period=month); trip_length_source=month; estimated,design_stratum,fishery_year_interviews,11
ColumbiaTrib,Drano Lake,2024,P1,creel_pe,design-based PE (pe_period=month); trip_length_source=fishery_season; estimated_donor,design_stratum,no_proportion_available,1
ColumbiaTrib,Drano Lake,2024,P1,creel_pe,design-based PE (pe_period=month); trip_length_source=fishery_season; zero_effort,design_stratum,no_proportion_available,3
ColumbiaTrib,Drano Lake,2024,P1,creel_pe,design-based PE (pe_period=month); trip_length_source=month; estimated,design_stratum,fishery_year_interviews,12
ColumbiaTrib,Drano Lake,2025,P1,creel_pe,design-based PE (pe_period=month); trip_length_source=month; estimated,design_stratum,fishery_year_interviews,12
ColumbiaTrib,Drano Lake,2025,P2,p2_block_ratio,"P2 block ratio 2.941 creel-trips per CRC-salmon (block_pooled, 3 donor area(s) [533|618|690]) x CRC harvest 27. CRC-denominated: the CRC reporting bias is inside the ratio, not applied on top of it.",crc_no_split,not_collected,1
ColumbiaTrib,Hanford Reach,2022,P1,R3_external,"external district-supplied calculation, not independently vetted by WDFW HQ (Todd Miller / R-district weekly summary)",design_stratum,not_collected,4
ColumbiaTrib,Hanford Reach,2023,P1,R3_external,"external district-supplied calculation, not independently vetted by WDFW HQ (Todd Miller / R-district weekly summary)",design_stratum,not_collected,5
ColumbiaTrib,Hanford Reach,2024,P1,R3_external,"external district-supplied calculation, not independently vetted by WDFW HQ (Todd Miller / R-district weekly summary)",design_stratum,not_collected,5
ColumbiaTrib,Hanford Reach,2025,P1,R3_external,"external district-supplied calculation, not independently vetted by WDFW HQ (Todd Miller / R-district weekly summary)",design_stratum,not_collected,4
ColumbiaTrib,Lower Cowlitz,2022,P2,p2_block_ratio,"P2 block ratio 4.166 creel-trips per CRC-salmon (block_year, 2 donor area(s) [618|690]) x CRC harvest 6869. CRC-denominated: the CRC reporting bias is inside the ratio, not applied on top of it.",crc_no_split,not_collected,1
ColumbiaTrib,Lower Cowlitz,2023,P2,p2_block_ratio,"P2 block ratio 2.245 creel-trips per CRC-salmon (block_year, 2 donor area(s) [533|618]) x CRC harvest 6615. CRC-denominated: the CRC reporting bias is inside the ratio, not applied on top of it.",crc_no_split,not_collected,1
ColumbiaTrib,Lower Cowlitz,2024,P2,p2_block_ratio,"P2 block ratio 2.791 creel-trips per CRC-salmon (block_year, 2 donor area(s) [533|618]) x CRC harvest 13. CRC-denominated: the CRC reporting bias is inside the ratio, not applied on top of it.",crc_no_split,not_collected,1
ColumbiaTrib,Lower Cowlitz,2024,P2,p2_block_ratio,"P2 block ratio 2.791 creel-trips per CRC-salmon (block_year, 2 donor area(s) [533|618]) x CRC harvest 3815. CRC-denominated: the CRC reporting bias is inside the ratio, not applied on top of it.",crc_no_split,not_collected,1
ColumbiaTrib,Lower Cowlitz,2025,P2,p2_block_ratio,"P2 block ratio 2.941 creel-trips per CRC-salmon (block_pooled, 3 donor area(s) [533|618|690]) x CRC harvest 32. CRC-denominated: the CRC reporting bias is inside the ratio, not applied on top of it.",crc_no_split,not_collected,1
ColumbiaTrib,Lower Cowlitz,2025,P3,crc_harvest_projection,"P3 projected: 6-yr mean CRC harvest 35 (5 of 6 years: 2019|2020|2021|2022|2024) x block_year ratio 2.791 (2 donor area(s) [533|618]) from 2024. Excludes PugetSound, which use a separate NEPA-derived 2014+ even/odd-year projection.",crc_no_split,not_collected,1
ColumbiaTrib,McNary Reservoir,2022,P2,p2_block_ratio,"P2 block ratio 4.166 creel-trips per CRC-salmon (block_year, 2 donor area(s) [618|690]) x CRC harvest 385. CRC-denominated: the CRC reporting bias is inside the ratio, not applied on top of it.",crc_no_split,not_collected,1
ColumbiaTrib,McNary Reservoir,2023,P1,R3_external,"external district-supplied calculation, not independently vetted by WDFW HQ (Todd Miller / R-district weekly summary)",design_stratum,not_collected,4
ColumbiaTrib,McNary Reservoir,2024,P1,R3_external,"external district-supplied calculation, not independently vetted by WDFW HQ (Todd Miller / R-district weekly summary)",design_stratum,not_collected,4
ColumbiaTrib,McNary Reservoir,2025,P1,R3_external,"external district-supplied calculation, not independently vetted by WDFW HQ (Todd Miller / R-district weekly summary)",design_stratum,not_collected,3
ColumbiaTrib,Yakima,2022,P1,R3_external,"external district-supplied calculation, not independently vetted by WDFW HQ (Todd Miller / R-district weekly summary)",design_stratum,not_collected,2
ColumbiaTrib,Yakima,2023,P2,p2_block_ratio,"P2 block ratio 2.245 creel-trips per CRC-salmon (block_year, 2 donor area(s) [533|618]) x CRC harvest 412. CRC-denominated: the CRC reporting bias is inside the ratio, not applied on top of it.",crc_no_split,not_collected,1
ColumbiaTrib,Yakima,2024,P2,p2_block_ratio,"P2 block ratio 2.791 creel-trips per CRC-salmon (block_year, 2 donor area(s) [533|618]) x CRC harvest 721. CRC-denominated: the CRC reporting bias is inside the ratio, not applied on top of it.",crc_no_split,not_collected,1
ColumbiaTrib,Yakima,2025,P3,crc_harvest_projection,"P3 projected: 6-yr mean CRC harvest 461 (6 of 6 years: 2019|2020|2021|2022|2023|2024) x block_year ratio 2.791 (2 donor area(s) [533|618]) from 2024. Excludes PugetSound, which use a separate NEPA-derived 2014+ even/odd-year projection.",crc_no_split,not_collected,1
PugetSound,Baker,2022,P2,p2_block_ratio,"P2 block ratio 5.979 creel-trips per CRC-salmon (block_year, 9 donor area(s) [786|802|804|826|830|850|852|860|872]) x CRC harvest 5723. CRC-denominated: the CRC reporting bias is inside the ratio, not applied on top of it.",crc_no_split,not_collected,1
PugetSound,Baker,2023,P2,p2_block_ratio,"P2 block ratio 2.171 creel-trips per CRC-salmon (block_year, 10 donor area(s) [786|794|802|804|826|830|844|850|860|872]) x CRC harvest 12729. CRC-denominated: the CRC reporting bias is inside the ratio, not applied on top of it.",crc_no_split,not_collected,1
PugetSound,Cascade,2022,P1,creel_pe,design-based PE (pe_period=month); trip_length_source=month; estimated,design_stratum,fishery_year_interviews,3
PugetSound,Cascade,2023,P1,creel_pe,design-based PE (pe_period=month); trip_length_source=month; estimated,design_stratum,fishery_year_interviews,3
PugetSound,Cascade,2024,P1,creel_pe,design-based PE (pe_period=month); trip_length_source=month; estimated,design_stratum,fishery_year_interviews,3
PugetSound,Dungeness,2022,P2,p2_block_ratio,"P2 block ratio 5.979 creel-trips per CRC-salmon (block_year, 9 donor area(s) [786|802|804|826|830|850|852|860|872]) x CRC harvest 1832. CRC-denominated: the CRC reporting bias is inside the ratio, not applied on top of it.",crc_no_split,not_collected,1
PugetSound,Dungeness,2023,P2,p2_block_ratio,"P2 block ratio 2.171 creel-trips per CRC-salmon (block_year, 10 donor area(s) [786|794|802|804|826|830|844|850|860|872]) x CRC harvest 992. CRC-denominated: the CRC reporting bias is inside the ratio, not applied on top of it.",crc_no_split,not_collected,1
PugetSound,Green-Duwamish,2022,P2,p2_block_ratio,"P2 block ratio 5.979 creel-trips per CRC-salmon (block_year, 9 donor area(s) [786|802|804|826|830|850|852|860|872]) x CRC harvest 7327. CRC-denominated: the CRC reporting bias is inside the ratio, not applied on top of it.",crc_no_split,not_collected,1
PugetSound,Green-Duwamish,2023,P2,p2_block_ratio,"P2 block ratio 2.171 creel-trips per CRC-salmon (block_year, 10 donor area(s) [786|794|802|804|826|830|844|850|860|872]) x CRC harvest 44849. CRC-denominated: the CRC reporting bias is inside the ratio, not applied on top of it.",crc_no_split,not_collected,1
PugetSound,Minter Creek,2022,P2,p2_block_ratio,"P2 block ratio 5.979 creel-trips per CRC-salmon (block_year, 9 donor area(s) [786|802|804|826|830|850|852|860|872]) x CRC harvest 7698. CRC-denominated: the CRC reporting bias is inside the ratio, not applied on top of it.",crc_no_split,not_collected,1
PugetSound,Minter Creek,2023,P2,p2_block_ratio,"P2 block ratio 2.171 creel-trips per CRC-salmon (block_year, 10 donor area(s) [786|794|802|804|826|830|844|850|860|872]) x CRC harvest 4621. CRC-denominated: the CRC reporting bias is inside the ratio, not applied on top of it.",crc_no_split,not_collected,1
PugetSound,Nisqually,2022,P1,creel_pe,design-based PE (pe_period=month); trip_length_source=area_season; estimated_donor,design_stratum,no_proportion_available,1
PugetSound,Nisqually,2022,P1,creel_pe,design-based PE (pe_period=month); trip_length_source=month; estimated,design_stratum,no_proportion_available,9
PugetSound,Nisqually,2023,P1,creel_pe,design-based PE (pe_period=month); trip_length_source=area_season; estimated_donor,design_stratum,no_proportion_available,1
PugetSound,Nisqually,2023,P1,creel_pe,design-based PE (pe_period=month); trip_length_source=month; estimated,design_stratum,no_proportion_available,9
PugetSound,Nooksack,2022,P2,p2_block_ratio,"P2 block ratio 5.979 creel-trips per CRC-salmon (block_year, 9 donor area(s) [786|802|804|826|830|850|852|860|872]) x CRC harvest 2507. CRC-denominated: the CRC reporting bias is inside the ratio, not applied on top of it.",crc_no_split,not_collected,1
PugetSound,Nooksack,2023,P1,creel_pe,design-based PE (pe_period=month); trip_length_source=month; estimated,design_stratum,no_proportion_available,2
PugetSound,Nooksack,2024,P1,creel_pe,design-based PE (pe_period=month); trip_length_source=month; estimated,design_stratum,fishery_year_interviews,1
PugetSound,Nooksack,2024,P1,creel_pe,design-based PE (pe_period=month); trip_length_source=month; estimated,design_stratum,no_proportion_available,1
PugetSound,Nooksack South Fork,2022,P2,p2_block_ratio,"P2 block ratio 5.979 creel-trips per CRC-salmon (block_year, 9 donor area(s) [786|802|804|826|830|850|852|860|872]) x CRC harvest 404. CRC-denominated: the CRC reporting bias is inside the ratio, not applied on top of it.",crc_no_split,not_collected,1
PugetSound,Nooksack South Fork,2023,P2,p2_block_ratio,"P2 block ratio 2.171 creel-trips per CRC-salmon (block_year, 10 donor area(s) [786|794|802|804|826|830|844|850|860|872]) x CRC harvest 1201. CRC-denominated: the CRC reporting bias is inside the ratio, not applied on top of it.",crc_no_split,not_collected,1
PugetSound,Puyallup Carbon,2024,P1,creel_pe,design-based PE (pe_period=month); trip_length_source=area_season; zero_effort,design_stratum,no_proportion_available,1
PugetSound,Puyallup Carbon,2024,P1,creel_pe,design-based PE (pe_period=month); trip_length_source=month; estimated,design_stratum,no_proportion_available,5
PugetSound,Puyallup Carbon,2025,P1,creel_pe,design-based PE (pe_period=month); trip_length_source=month; estimated,design_stratum,no_proportion_available,5
PugetSound,Puyallup/Carbon,2022,P1,creel_pe,design-based PE (pe_period=month); trip_length_source=area_season; zero_effort,design_stratum,no_proportion_available,1
PugetSound,Puyallup/Carbon,2022,P1,creel_pe,design-based PE (pe_period=month); trip_length_source=month; estimated,design_stratum,no_proportion_available,3
PugetSound,Puyallup/Carbon,2023,P1,creel_pe,design-based PE (pe_period=month); trip_length_source=area_season; zero_effort,design_stratum,no_proportion_available,1
PugetSound,Puyallup/Carbon,2023,P1,creel_pe,design-based PE (pe_period=month); trip_length_source=month; estimated,design_stratum,no_proportion_available,5
PugetSound,Quilcene,2022,P2,p2_block_ratio,"P2 block ratio 5.979 creel-trips per CRC-salmon (block_year, 9 donor area(s) [786|802|804|826|830|850|852|860|872]) x CRC harvest 2609. CRC-denominated: the CRC reporting bias is inside the ratio, not applied on top of it.",crc_no_split,not_collected,1
PugetSound,Quilcene,2023,P2,p2_block_ratio,"P2 block ratio 2.171 creel-trips per CRC-salmon (block_year, 10 donor area(s) [786|794|802|804|826|830|844|850|860|872]) x CRC harvest 3023. CRC-denominated: the CRC reporting bias is inside the ratio, not applied on top of it.",crc_no_split,not_collected,1
PugetSound,Samish,2022,P2,p2_block_ratio,"P2 block ratio 5.979 creel-trips per CRC-salmon (block_year, 9 donor area(s) [786|802|804|826|830|850|852|860|872]) x CRC harvest 9336. CRC-denominated: the CRC reporting bias is inside the ratio, not applied on top of it.",crc_no_split,not_collected,1
PugetSound,Samish,2023,P2,p2_block_ratio,"P2 block ratio 2.171 creel-trips per CRC-salmon (block_year, 10 donor area(s) [786|794|802|804|826|830|844|850|860|872]) x CRC harvest 14111. CRC-denominated: the CRC reporting bias is inside the ratio, not applied on top of it.",crc_no_split,not_collected,1
PugetSound,Skagit,2022,P1,creel_pe,design-based PE (pe_period=month); trip_length_source=month; estimated,design_stratum,fishery_year_interviews,9
PugetSound,Skagit,2023,P1,creel_pe,design-based PE (pe_period=month); trip_length_source=month; estimated,design_stratum,fishery_year_interviews,12
PugetSound,Skagit,2024,P1,creel_pe,design-based PE (pe_period=month); trip_length_source=month; estimated,design_stratum,fishery_year_interviews,6
PugetSound,Skagit,2025,P1,creel_pe,design-based PE (pe_period=month); trip_length_source=month; estimated,design_stratum,fishery_year_interviews,15
PugetSound,Skagit,2025,P1,creel_pe,design-based PE (pe_period=month); trip_length_source=type_season; zero_effort,design_stratum,fishery_year_interviews,6
PugetSound,Snohomish,2022,P1,creel_pe,design-based PE (pe_period=month); trip_length_source=month; estimated,design_stratum,no_proportion_available,8
PugetSound,Snohomish,2022,P2,p2_block_ratio,"P2 block ratio 5.979 creel-trips per CRC-salmon (block_year, 9 donor area(s) [786|802|804|826|830|850|852|860|872]) x CRC harvest 891. CRC-denominated: the CRC reporting bias is inside the ratio, not applied on top of it.",crc_no_split,not_collected,1
PugetSound,Snohomish,2023,P1,creel_pe,design-based PE (pe_period=month); trip_length_source=month; estimated,design_stratum,no_proportion_available,8
PugetSound,Snohomish,2023,P2,p2_block_ratio,"P2 block ratio 2.171 creel-trips per CRC-salmon (block_year, 10 donor area(s) [786|794|802|804|826|830|844|850|860|872]) x CRC harvest 144. CRC-denominated: the CRC reporting bias is inside the ratio, not applied on top of it.",crc_no_split,not_collected,1
PugetSound,Snohomish,2024,P1,creel_pe,design-based PE (pe_period=month); trip_length_source=month; estimated,design_stratum,no_proportion_available,10
PugetSound,Snohomish,2025,P1,creel_pe,design-based PE (pe_period=month); trip_length_source=area_season; estimated_donor,design_stratum,fishery_year_interviews,1
PugetSound,Snohomish,2025,P1,creel_pe,design-based PE (pe_period=month); trip_length_source=month; estimated,design_stratum,fishery_year_interviews,11
PugetSound,Stillaguamish,2022,P1,creel_pe,design-based PE (pe_period=month); trip_length_source=area_season; estimated_donor,design_stratum,no_proportion_available,1
PugetSound,Stillaguamish,2022,P1,creel_pe,design-based PE (pe_period=month); trip_length_source=area_season; zero_effort,design_stratum,no_proportion_available,6
PugetSound,Stillaguamish,2022,P1,creel_pe,design-based PE (pe_period=month); trip_length_source=month; estimated,design_stratum,no_proportion_available,8
PugetSound,Stillaguamish,2022,P1,creel_pe,design-based PE (pe_period=month); trip_length_source=type_season; zero_effort,design_stratum,no_proportion_available,3
PugetSound,Stillaguamish,2023,P1,creel_pe,design-based PE (pe_period=month); trip_length_source=month; estimated,design_stratum,no_proportion_available,3
PugetSound,Stillaguamish,2023,P1,creel_pe,design-based PE (pe_period=month); trip_length_source=month; zero_effort,design_stratum,no_proportion_available,1
PugetSound,Stillaguamish,2024,P1,creel_pe,design-based PE (pe_period=month); trip_length_source=area_season; estimated_donor,design_stratum,no_proportion_available,1
PugetSound,Stillaguamish,2024,P1,creel_pe,design-based PE (pe_period=month); trip_length_source=area_season; zero_effort,design_stratum,no_proportion_available,1
PugetSound,Stillaguamish,2024,P1,creel_pe,design-based PE (pe_period=month); trip_length_source=month; estimated,design_stratum,no_proportion_available,11
PugetSound,Stillaguamish,2024,P1,creel_pe,design-based PE (pe_period=month); trip_length_source=month; zero_effort,design_stratum,no_proportion_available,1
PugetSound,Stillaguamish,2024,P1,creel_pe,design-based PE (pe_period=month); trip_length_source=type_season; estimated_donor,design_stratum,no_proportion_available,1
PugetSound,Stillaguamish,2024,P1,creel_pe,design-based PE (pe_period=month); trip_length_source=type_season; zero_effort,design_stratum,no_proportion_available,1
PugetSound,Stillaguamish,2025,P1,creel_pe,design-based PE (pe_period=month); trip_length_source=month; estimated,design_stratum,fishery_year_interviews,4
PugetSound,Stillaguamish,2025,P1,creel_pe,design-based PE (pe_period=month); trip_length_source=month; estimated,design_stratum,no_proportion_available,4
PugetSound,Wallace,2022,P1,creel_pe,design-based PE (pe_period=month); trip_length_source=month; estimated,design_stratum,no_proportion_available,3
PugetSound,Wallace,2023,P1,creel_pe,design-based PE (pe_period=month); trip_length_source=month; estimated,design_stratum,no_proportion_available,4
PugetSound,Wallace,2024,P1,creel_pe,design-based PE (pe_period=month); trip_length_source=month; estimated,design_stratum,no_proportion_available,2
WACoast,Chehalis,2022,P1,creel_pe,design-based PE (pe_period=month); trip_length_source=month; estimated,design_stratum,fishery_year_interviews,12
WACoast,Chehalis,2024,P1,creel_pe,design-based PE (pe_period=month); trip_length_source=area_season; estimated_donor,design_stratum,fishery_year_interviews,3
WACoast,Chehalis,2024,P1,creel_pe,design-based PE (pe_period=month); trip_length_source=area_season; zero_effort,design_stratum,fishery_year_interviews,3
WACoast,Chehalis,2024,P1,creel_pe,design-based PE (pe_period=month); trip_length_source=month; estimated,design_stratum,fishery_year_interviews,18
WACoast,Chehalis,2025,P1,creel_pe,design-based PE (pe_period=month); trip_length_source=month; estimated,design_stratum,fishery_year_interviews,21
WACoast,Chehalis + Upper Chehalis,2022,P2,p2_block_ratio,"P2 block ratio 3.581 creel-trips per CRC-salmon (block_year, 6 donor area(s) [329|358|398|400|404|406]) x CRC harvest 11439. CRC-denominated: the CRC reporting bias is inside the ratio, not applied on top of it.",crc_no_split,not_collected,1
WACoast,Hoh,2022,P2,p2_block_ratio,"P2 block ratio 3.581 creel-trips per CRC-salmon (block_year, 6 donor area(s) [329|358|398|400|404|406]) x CRC harvest 440. CRC-denominated: the CRC reporting bias is inside the ratio, not applied on top of it.",crc_no_split,not_collected,1
WACoast,Hoh,2022,P2,p2_block_ratio,"P2 block ratio 3.581 creel-trips per CRC-salmon (block_year, 6 donor area(s) [329|358|398|400|404|406]) x CRC harvest 90. CRC-denominated: the CRC reporting bias is inside the ratio, not applied on top of it.",crc_no_split,not_collected,1
WACoast,Hoh,2023,P1,creel_pe,design-based PE (pe_period=month); trip_length_source=area_season; zero_effort,design_stratum,fishery_year_interviews,1
WACoast,Hoh,2023,P1,creel_pe,design-based PE (pe_period=month); trip_length_source=area_season; zero_effort,design_stratum,no_proportion_available,2
WACoast,Hoh,2023,P1,creel_pe,design-based PE (pe_period=month); trip_length_source=month; estimated,design_stratum,fishery_year_interviews,1
WACoast,Hoh,2023,P1,creel_pe,design-based PE (pe_period=month); trip_length_source=month; estimated,design_stratum,no_proportion_available,2
WACoast,Hoh,2023,P1,creel_pe,design-based PE (pe_period=month); trip_length_source=type_season; estimated_donor,design_stratum,fishery_year_interviews,1
WACoast,Hoh,2023,P1,creel_pe,design-based PE (pe_period=month); trip_length_source=type_season; zero_effort,design_stratum,fishery_year_interviews,1
WACoast,Hoh,2024,P2,p2_block_ratio,"P2 block ratio 1.469 creel-trips per CRC-salmon (block_year, 6 donor area(s) [315|329|358|398|404|406]) x CRC harvest 107. CRC-denominated: the CRC reporting bias is inside the ratio, not applied on top of it.",crc_no_split,not_collected,1
WACoast,Hoh,2024,P2,p2_block_ratio,"P2 block ratio 1.469 creel-trips per CRC-salmon (block_year, 6 donor area(s) [315|329|358|398|404|406]) x CRC harvest 294. CRC-denominated: the CRC reporting bias is inside the ratio, not applied on top of it.",crc_no_split,not_collected,1
WACoast,Hoh,2025,P1,creel_pe,design-based PE (pe_period=month); trip_length_source=area_season; zero_effort,design_stratum,fishery_year_interviews,4
WACoast,Hoh,2025,P1,creel_pe,design-based PE (pe_period=month); trip_length_source=month; estimated,design_stratum,fishery_year_interviews,17
WACoast,Humptulips,2022,P1,creel_pe,design-based PE (pe_period=month); trip_length_source=month; estimated,design_stratum,fishery_year_interviews,12
WACoast,Humptulips,2023,P1,creel_pe,design-based PE (pe_period=month); trip_length_source=month; estimated,design_stratum,fishery_year_interviews,9
WACoast,Humptulips,2024,P1,creel_pe,design-based PE (pe_period=month); trip_length_source=month; estimated,design_stratum,fishery_year_interviews,12
WACoast,Humptulips,2025,P1,creel_pe,design-based PE (pe_period=month); trip_length_source=month; estimated,design_stratum,fishery_year_interviews,12
WACoast,Lower Chehalis,2023,P1,creel_pe,design-based PE (pe_period=month); trip_length_source=area_season; zero_effort,design_stratum,fishery_year_interviews,2
WACoast,Lower Chehalis,2023,P1,creel_pe,design-based PE (pe_period=month); trip_length_source=month; estimated,design_stratum,fishery_year_interviews,6
WACoast,Naselle,2022,P2,p2_block_ratio,"P2 block ratio 3.581 creel-trips per CRC-salmon (block_year, 6 donor area(s) [329|358|398|400|404|406]) x CRC harvest 4467. CRC-denominated: the CRC reporting bias is inside the ratio, not applied on top of it.",crc_no_split,not_collected,1
WACoast,Naselle,2023,P2,p2_block_ratio,"P2 block ratio 1.673 creel-trips per CRC-salmon (block_year, 10 donor area(s) [315|329|348|350|358|398|400|402|404|406]) x CRC harvest 3092. CRC-denominated: the CRC reporting bias is inside the ratio, not applied on top of it.",crc_no_split,not_collected,1
WACoast,Naselle,2024,P2,p2_block_ratio,"P2 block ratio 1.469 creel-trips per CRC-salmon (block_year, 6 donor area(s) [315|329|358|398|404|406]) x CRC harvest 3136. CRC-denominated: the CRC reporting bias is inside the ratio, not applied on top of it.",crc_no_split,not_collected,1
WACoast,Naselle,2025,P3,crc_harvest_projection,"P3 projected: 6-yr mean CRC harvest 3357 (6 of 6 years: 2019|2020|2021|2022|2023|2024) x block_year ratio 1.469 (6 donor area(s) [315|329|358|398|404|406]) from 2024. Excludes PugetSound, which use a separate NEPA-derived 2014+ even/odd-year projection.",crc_no_split,not_collected,1
WACoast,Nemah,2022,P2,p2_block_ratio,"P2 block ratio 3.581 creel-trips per CRC-salmon (block_year, 6 donor area(s) [329|358|398|400|404|406]) x CRC harvest 868. CRC-denominated: the CRC reporting bias is inside the ratio, not applied on top of it.",crc_no_split,not_collected,1
WACoast,Nemah,2023,P2,p2_block_ratio,"P2 block ratio 1.673 creel-trips per CRC-salmon (block_year, 10 donor area(s) [315|329|348|350|358|398|400|402|404|406]) x CRC harvest 979. CRC-denominated: the CRC reporting bias is inside the ratio, not applied on top of it.",crc_no_split,not_collected,1
WACoast,Nemah,2024,P2,p2_block_ratio,"P2 block ratio 1.469 creel-trips per CRC-salmon (block_year, 6 donor area(s) [315|329|358|398|404|406]) x CRC harvest 2597. CRC-denominated: the CRC reporting bias is inside the ratio, not applied on top of it.",crc_no_split,not_collected,1
WACoast,Nemah,2025,P3,crc_harvest_projection,"P3 projected: 6-yr mean CRC harvest 1923 (6 of 6 years: 2019|2020|2021|2022|2023|2024) x block_year ratio 1.469 (6 donor area(s) [315|329|358|398|404|406]) from 2024. Excludes PugetSound, which use a separate NEPA-derived 2014+ even/odd-year projection.",crc_no_split,not_collected,1
WACoast,Quillayute,2022,P1,creel_pe,design-based PE (pe_period=month); trip_length_source=area_season; estimated_donor,design_stratum,fishery_year_interviews,9
WACoast,Quillayute,2022,P1,creel_pe,design-based PE (pe_period=month); trip_length_source=area_season; zero_effort,design_stratum,fishery_year_interviews,16
WACoast,Quillayute,2022,P1,creel_pe,design-based PE (pe_period=month); trip_length_source=month; estimated,design_stratum,fishery_year_interviews,31
WACoast,Quillayute,2022,P1,creel_pe,design-based PE (pe_period=month); trip_length_source=type_season; estimated_donor,design_stratum,fishery_year_interviews,3
WACoast,Quillayute,2022,P1,creel_pe,design-based PE (pe_period=month); trip_length_source=type_season; zero_effort,design_stratum,fishery_year_interviews,1
WACoast,Quillayute,2022,P2,p2_block_ratio,"P2 block ratio 3.581 creel-trips per CRC-salmon (block_year, 6 donor area(s) [329|358|398|400|404|406]) x CRC harvest 12. CRC-denominated: the CRC reporting bias is inside the ratio, not applied on top of it.",crc_no_split,not_collected,1
WACoast,Quillayute,2023,P1,creel_pe,design-based PE (pe_period=month); trip_length_source=area_season; estimated_donor,design_stratum,fishery_year_interviews,2
WACoast,Quillayute,2023,P1,creel_pe,design-based PE (pe_period=month); trip_length_source=area_season; zero_effort,design_stratum,fishery_year_interviews,16
WACoast,Quillayute,2023,P1,creel_pe,design-based PE (pe_period=month); trip_length_source=month; estimated,design_stratum,fishery_year_interviews,22
WACoast,Quillayute,2023,P1,creel_pe,design-based PE (pe_period=month); trip_length_source=type_season; estimated_donor,design_stratum,fishery_year_interviews,8
WACoast,Quillayute,2023,P1,creel_pe,design-based PE (pe_period=month); trip_length_source=type_season; zero_effort,design_stratum,fishery_year_interviews,12
WACoast,Quillayute,2024,P1,creel_pe,design-based PE (pe_period=month); trip_length_source=area_season; estimated_donor,design_stratum,fishery_year_interviews,6
WACoast,Quillayute,2024,P1,creel_pe,design-based PE (pe_period=month); trip_length_source=month; estimated,design_stratum,fishery_year_interviews,33
WACoast,Quillayute,2024,P1,creel_pe,design-based PE (pe_period=month); trip_length_source=type_season; estimated_donor,design_stratum,fishery_year_interviews,6
WACoast,Quillayute,2024,P2,p2_block_ratio,"P2 block ratio 1.469 creel-trips per CRC-salmon (block_year, 6 donor area(s) [315|329|358|398|404|406]) x CRC harvest 40. CRC-denominated: the CRC reporting bias is inside the ratio, not applied on top of it.",crc_no_split,not_collected,1
WACoast,Quillayute,2025,P1,creel_pe,design-based PE (pe_period=month); trip_length_source=area_season; estimated_donor,design_stratum,fishery_year_interviews,13
WACoast,Quillayute,2025,P1,creel_pe,design-based PE (pe_period=month); trip_length_source=area_season; zero_effort,design_stratum,fishery_year_interviews,10
WACoast,Quillayute,2025,P1,creel_pe,design-based PE (pe_period=month); trip_length_source=month; estimated,design_stratum,fishery_year_interviews,37
WACoast,Quillayute,2025,P2,p2_block_ratio,"P2 block ratio 1.824 creel-trips per CRC-salmon (block_pooled, 10 donor area(s) [315|329|348|350|358|398|400|402|404|406]) x CRC harvest 40. CRC-denominated: the CRC reporting bias is inside the ratio, not applied on top of it.",crc_no_split,not_collected,1
WACoast,Satsop,2022,P1,creel_pe,design-based PE (pe_period=month); trip_length_source=month; estimated,design_stratum,fishery_year_interviews,6
WACoast,Satsop,2023,P1,creel_pe,design-based PE (pe_period=month); trip_length_source=area_season; zero_effort,design_stratum,fishery_year_interviews,2
WACoast,Satsop,2023,P1,creel_pe,design-based PE (pe_period=month); trip_length_source=month; estimated,design_stratum,fishery_year_interviews,4
WACoast,Satsop,2024,P1,creel_pe,design-based PE (pe_period=month); trip_length_source=month; estimated,design_stratum,fishery_year_interviews,6
WACoast,Satsop,2025,P1,creel_pe,design-based PE (pe_period=month); trip_length_source=month; estimated,design_stratum,fishery_year_interviews,6
WACoast,Upper Chehalis,2023,P1,creel_pe,design-based PE (pe_period=month); trip_length_source=area_season; estimated_donor,design_stratum,no_proportion_available,1
WACoast,Upper Chehalis,2023,P1,creel_pe,design-based PE (pe_period=month); trip_length_source=area_season; zero_effort,design_stratum,fishery_year_interviews,4
WACoast,Upper Chehalis,2023,P1,creel_pe,design-based PE (pe_period=month); trip_length_source=area_season; zero_effort,design_stratum,no_proportion_available,2
WACoast,Upper Chehalis,2023,P1,creel_pe,design-based PE (pe_period=month); trip_length_source=month; estimated,design_stratum,fishery_year_interviews,8
WACoast,Upper Chehalis,2023,P1,creel_pe,design-based PE (pe_period=month); trip_length_source=month; estimated,design_stratum,no_proportion_available,3
WACoast,Willapa,2022,P2,p2_block_ratio,"P2 block ratio 3.581 creel-trips per CRC-salmon (block_year, 6 donor area(s) [329|358|398|400|404|406]) x CRC harvest 3054. CRC-denominated: the CRC reporting bias is inside the ratio, not applied on top of it.",crc_no_split,not_collected,1
WACoast,Willapa,2023,P2,p2_block_ratio,"P2 block ratio 1.673 creel-trips per CRC-salmon (block_year, 10 donor area(s) [315|329|348|350|358|398|400|402|404|406]) x CRC harvest 3069. CRC-denominated: the CRC reporting bias is inside the ratio, not applied on top of it.",crc_no_split,not_collected,1
WACoast,Willapa,2024,P2,p2_block_ratio,"P2 block ratio 1.469 creel-trips per CRC-salmon (block_year, 6 donor area(s) [315|329|358|398|404|406]) x CRC harvest 2941. CRC-denominated: the CRC reporting bias is inside the ratio, not applied on top of it.",crc_no_split,not_collected,1
WACoast,Willapa,2025,P3,crc_harvest_projection,"P3 projected: 6-yr mean CRC harvest 2393 (6 of 6 years: 2019|2020|2021|2022|2023|2024) x block_year ratio 1.469 (6 donor area(s) [315|329|358|398|404|406]) from 2024. Excludes PugetSound, which use a separate NEPA-derived 2014+ even/odd-year projection.",crc_no_split,not_collected,1
unknown,NA,2022,P1,R1_external,"external district-supplied calculation, not independently vetted by WDFW HQ (Jeremy Trump / R1 annual angler-trip summary)",design_stratum,not_collected,2
unknown,NA,2023,P1,R1_external,"external district-supplied calculation, not independently vetted by WDFW HQ (Jeremy Trump / R1 annual angler-trip summary)",design_stratum,not_collected,4
unknown,NA,2024,P1,R1_external,"external district-supplied calculation, not independently vetted by WDFW HQ (Jeremy Trump / R1 annual angler-trip summary)",design_stratum,not_collected,4
unknown,NA,2025,P1,R1_external,"external district-supplied calculation, not independently vetted by WDFW HQ (Jeremy Trump / R1 annual angler-trip summary)",design_stratum,not_collected,2
