region,stream_code,n_years,years_present,mean_harvest,usable,fail_reason
Coastal,305,4,2019|2020|2023|2024,7,TRUE,NA
Coastal,311,4,2020|2021|2022|2023,19.75,TRUE,NA
Coastal,315,6,2019|2020|2021|2022|2023|2024,9192.833333333334,TRUE,NA
Coastal,321,5,2019|2021|2022|2023|2024,23.4,TRUE,NA
Coastal,323,5,2020|2021|2022|2023|2024,50.8,TRUE,NA
Coastal,325,5,2020|2021|2022|2023|2024,36.2,TRUE,NA
Coastal,329,6,2019|2020|2021|2022|2023|2024,2501.1666666666665,TRUE,NA
Coastal,333,6,2019|2020|2021|2022|2023|2024,53,TRUE,NA
Coastal,335,6,2019|2020|2021|2022|2023|2024,136.83333333333334,TRUE,NA
Coastal,337,6,2019|2020|2021|2022|2023|2024,394.6666666666667,TRUE,NA
Coastal,339,6,2019|2020|2021|2022|2023|2024,296.1666666666667,TRUE,NA
Coastal,342,6,2019|2020|2021|2022|2023|2024,48.833333333333336,TRUE,NA
Coastal,345,4,2020|2021|2022|2024,30.75,TRUE,NA
Coastal,348,6,2019|2020|2021|2022|2023|2024,235.33333333333334,TRUE,NA
Coastal,350,6,2019|2020|2021|2022|2023|2024,769.8333333333334,TRUE,NA
Coastal,352,3,2022|2023|2024,9.333333333333334,TRUE,NA
Coastal,355,6,2019|2020|2021|2022|2023|2024,77,TRUE,NA
Coastal,358,6,2019|2020|2021|2022|2023|2024,2336.5,TRUE,NA
Coastal,367,6,2019|2020|2021|2022|2023|2024,106,TRUE,NA
Coastal,369,2,2021|2022,22.5,FALSE,only 2 of 6 history year(s) present (2021|2022); need 3
Coastal,370,3,2019|2022|2023,31.666666666666668,TRUE,NA
Coastal,371,4,2020|2021|2022|2023,38.25,TRUE,NA
Coastal,373,2,2020|2021,4,FALSE,only 2 of 6 history year(s) present (2020|2021); need 3
Coastal,375,6,2019|2020|2021|2022|2023|2024,3357,TRUE,NA
Coastal,377,2,2021|2022,7,FALSE,only 2 of 6 history year(s) present (2021|2022); need 3
Coastal,379,6,2019|2020|2021|2022|2023|2024,1923.3333333333333,TRUE,NA
Coastal,382,6,2019|2020|2021|2022|2023|2024,354,TRUE,NA
Coastal,384,6,2019|2020|2021|2022|2023|2024,57.5,TRUE,NA
Coastal,388,1,2019,0,FALSE,only 1 of 6 history year(s) present (2019); need 3
Coastal,389,2,2020|2021,6,FALSE,only 2 of 6 history year(s) present (2020|2021); need 3
Coastal,390,2,2021|2022,21,FALSE,only 2 of 6 history year(s) present (2021|2022); need 3
Coastal,392,5,2019|2020|2021|2023|2024,109.4,TRUE,NA
Coastal,394,6,2019|2020|2021|2022|2023|2024,136.66666666666666,TRUE,NA
Coastal,396,6,2019|2020|2021|2022|2023|2024,157.33333333333334,TRUE,NA
Coastal,398,6,2019|2020|2021|2022|2023|2024,296.5,TRUE,NA
Coastal,400,6,2019|2020|2021|2022|2023|2024,26.666666666666668,TRUE,NA
Coastal,402,6,2019|2020|2021|2022|2023|2024,66.16666666666667,TRUE,NA
Coastal,404,6,2019|2020|2021|2022|2023|2024,894.1666666666666,TRUE,NA
Coastal,406,6,2019|2020|2021|2022|2023|2024,2045.8333333333333,TRUE,NA
Coastal,408,6,2019|2020|2021|2022|2023|2024,35,TRUE,NA
Coastal,410,6,2019|2020|2021|2022|2023|2024,67.16666666666667,TRUE,NA
Coastal,418,2,2023|2024,10,FALSE,only 2 of 6 history year(s) present (2023|2024); need 3
Coastal,419,2,2019|2020,126.5,FALSE,only 2 of 6 history year(s) present (2019|2020); need 3
Coastal,424,6,2019|2020|2021|2022|2023|2024,2393,TRUE,NA
Coastal,706,2,2019|2020,11,FALSE,only 2 of 6 history year(s) present (2019|2020); need 3
Columbia - Lower,501,5,2019|2021|2022|2023|2024,15.6,TRUE,NA
Columbia - Lower,507,5,2019|2020|2021|2022|2024,34.8,TRUE,NA
Columbia - Lower,515,5,2020|2021|2022|2023|2024,24.4,TRUE,NA
Columbia - Lower,517,6,2019|2020|2021|2022|2023|2024,96.83333333333333,TRUE,NA
Columbia - Lower,519,6,2019|2020|2021|2022|2023|2024,15652.166666666666,TRUE,NA
Columbia - Lower,521,6,2019|2020|2021|2022|2023|2024,29259.666666666668,TRUE,NA
Columbia - Lower,555,6,2019|2020|2021|2022|2023|2024,298.1666666666667,TRUE,NA
Columbia - Lower,557,1,2024,26,FALSE,only 1 of 6 history year(s) present (2024); need 3
Columbia - Lower,559,6,2019|2020|2021|2022|2023|2024,1385.6666666666667,TRUE,NA
Columbia - Lower,561,6,2019|2020|2021|2022|2023|2024,5516.166666666667,TRUE,NA
Columbia - Lower,563,4,2021|2022|2023|2024,59,TRUE,NA
Columbia - Lower,565,6,2019|2020|2021|2022|2023|2024,189.33333333333334,TRUE,NA
Columbia - Lower,566,6,2019|2020|2021|2022|2023|2024,211.33333333333334,TRUE,NA
Columbia - Lower,569,5,2019|2020|2021|2022|2024,10.2,TRUE,NA
Columbia - Lower,571,6,2019|2020|2021|2022|2023|2024,2581.6666666666665,TRUE,NA
Columbia - Lower,573,6,2019|2020|2021|2022|2023|2024,42,TRUE,NA
Columbia - Lower,575,6,2019|2020|2021|2022|2023|2024,635.8333333333334,TRUE,NA
Columbia - Lower,580,4,2019|2021|2022|2023,9.25,TRUE,NA
Columbia - Lower,583,2,2019|2020,11,FALSE,only 2 of 6 history year(s) present (2019|2020); need 3
Columbia - Lower,584,5,2019|2021|2022|2023|2024,50.4,TRUE,NA
Columbia - Lower,589,3,2021|2022|2024,31,TRUE,NA
Columbia - Lower,594,3,2019|2023|2024,34,TRUE,NA
Columbia - Lower,595,5,2020|2021|2022|2023|2024,121.8,TRUE,NA
Columbia - Lower,596,2,2021|2022,26.5,FALSE,only 2 of 6 history year(s) present (2021|2022); need 3
Columbia - Lower,600,1,2024,13,FALSE,only 1 of 6 history year(s) present (2024); need 3
Columbia - Lower,602,5,2020|2021|2022|2023|2024,71.4,TRUE,NA
Columbia - Lower,603,6,2019|2020|2021|2022|2023|2024,783.8333333333334,TRUE,NA
Columbia - Lower,604,6,2019|2020|2021|2022|2023|2024,1338.6666666666667,TRUE,NA
Columbia - Lower,609,5,2020|2021|2022|2023|2024,48.4,TRUE,NA
Columbia - Lower,611,6,2019|2020|2021|2022|2023|2024,887,TRUE,NA
Columbia - Lower,615,6,2019|2020|2021|2022|2023|2024,6193.166666666667,TRUE,NA
Columbia - Lower,625,3,2019|2022|2023,8,TRUE,NA
Columbia - Lower,635,1,2024,119,FALSE,only 1 of 6 history year(s) present (2024); need 3
Columbia - Lower,638,1,2024,16,FALSE,only 1 of 6 history year(s) present (2024); need 3
Columbia - Lower,661,1,2024,40,FALSE,only 1 of 6 history year(s) present (2024); need 3
Columbia - Lower,665,3,2019|2023|2024,5.666666666666667,TRUE,NA
Columbia - Lower,667,6,2019|2020|2021|2022|2023|2024,353.3333333333333,TRUE,NA
Columbia - Lower,668,6,2019|2020|2021|2022|2023|2024,49.666666666666664,TRUE,NA
Columbia - Middle,508,6,2019|2020|2021|2022|2023|2024,108.5,TRUE,NA
Columbia - Middle,527,6,2019|2020|2021|2022|2023|2024,7643.666666666667,TRUE,NA
Columbia - Middle,529,6,2019|2020|2021|2022|2023|2024,2102.1666666666665,TRUE,NA
Columbia - Middle,531,6,2019|2020|2021|2022|2023|2024,771.6666666666666,TRUE,NA
Columbia - Middle,607,6,2019|2020|2021|2022|2023|2024,6885.5,TRUE,NA
Columbia - Middle,608,6,2019|2020|2021|2022|2023|2024,1121,TRUE,NA
Columbia - Middle,618,6,2019|2020|2021|2022|2023|2024,7269.833333333333,TRUE,NA
Columbia - Middle,677,6,2019|2020|2021|2022|2023|2024,156.33333333333334,TRUE,NA
Columbia - Middle,680,6,2019|2020|2021|2022|2023|2024,3154.3333333333335,TRUE,NA
Columbia - Snake,592,3,2019|2020|2021,12,TRUE,NA
Columbia - Snake,640,5,2019|2021|2022|2023|2024,493,TRUE,NA
Columbia - Snake,642,5,2019|2020|2021|2022|2024,22.8,TRUE,NA
Columbia - Snake,644,6,2019|2020|2021|2022|2023|2024,1093.8333333333333,TRUE,NA
Columbia - Snake,646,6,2019|2020|2021|2022|2023|2024,27.5,TRUE,NA
Columbia - Snake,648,6,2019|2020|2021|2022|2023|2024,1369.6666666666667,TRUE,NA
Columbia - Snake,650,6,2019|2020|2021|2022|2023|2024,356.6666666666667,TRUE,NA
Columbia - Upper,533,6,2019|2020|2021|2022|2023|2024,278,TRUE,NA
Columbia - Upper,534,6,2019|2020|2021|2022|2023|2024,1134.8333333333333,TRUE,NA
Columbia - Upper,535,6,2019|2020|2021|2022|2023|2024,10098.5,TRUE,NA
Columbia - Upper,536,6,2019|2020|2021|2022|2023|2024,9370.833333333334,TRUE,NA
Columbia - Upper,537,6,2019|2020|2021|2022|2023|2024,3410,TRUE,NA
Columbia - Upper,539,6,2019|2020|2021|2022|2023|2024,663,TRUE,NA
Columbia - Upper,541,6,2019|2020|2021|2022|2023|2024,2494.5,TRUE,NA
Columbia - Upper,543,6,2019|2020|2021|2022|2023|2024,7069.333333333333,TRUE,NA
Columbia - Upper,545,6,2019|2020|2021|2022|2023|2024,41117,TRUE,NA
Columbia - Upper,547,6,2019|2020|2021|2022|2023|2024,70.33333333333333,TRUE,NA
Columbia - Upper,549,5,2019|2020|2021|2022|2024,30.8,TRUE,NA
Columbia - Upper,586,6,2019|2020|2021|2022|2023|2024,278.8333333333333,TRUE,NA
Columbia - Upper,621,4,2019|2022|2023|2024,19.25,TRUE,NA
Columbia - Upper,627,6,2019|2020|2021|2022|2023|2024,156.5,TRUE,NA
Columbia - Upper,629,4,2019|2021|2022|2023,13.5,TRUE,NA
Columbia - Upper,670,5,2020|2021|2022|2023|2024,20060.6,TRUE,NA
Columbia - Upper,672,6,2019|2020|2021|2022|2023|2024,1146,TRUE,NA
Columbia - Upper,674,6,2019|2020|2021|2022|2023|2024,147.66666666666666,TRUE,NA
Columbia - Upper,690,6,2019|2020|2021|2022|2023|2024,461.1666666666667,TRUE,NA
Puget Sound,710,6,2019|2020|2021|2022|2023|2024,24.166666666666668,TRUE,NA
Puget Sound,714,6,2019|2020|2021|2022|2023|2024,45,TRUE,NA
Puget Sound,718,4,2021|2022|2023|2024,29,TRUE,NA
Puget Sound,724,4,2019|2020|2021|2024,40.5,TRUE,NA
Puget Sound,726,5,2020|2021|2022|2023|2024,35.2,TRUE,NA
Puget Sound,728,6,2019|2020|2021|2022|2023|2024,25.833333333333332,TRUE,NA
Puget Sound,732,5,2019|2021|2022|2023|2024,22,TRUE,NA
Puget Sound,734,2,2021|2022,11,FALSE,only 2 of 6 history year(s) present (2021|2022); need 3
Puget Sound,736,6,2019|2020|2021|2022|2023|2024,123.5,TRUE,NA
Puget Sound,738,6,2019|2020|2021|2022|2023|2024,1015.5,TRUE,NA
Puget Sound,746,6,2019|2020|2021|2022|2023|2024,19690.833333333332,TRUE,NA
Puget Sound,754,6,2019|2020|2021|2022|2023|2024,187,TRUE,NA
Puget Sound,762,6,2019|2020|2021|2022|2023|2024,483.8333333333333,TRUE,NA
Puget Sound,764,6,2019|2020|2021|2022|2023|2024,198.83333333333334,TRUE,NA
Puget Sound,766,3,2022|2023|2024,41.333333333333336,TRUE,NA
Puget Sound,768,3,2022|2023|2024,21,TRUE,NA
Puget Sound,770,4,2019|2020|2021|2022,34.75,TRUE,NA
Puget Sound,774,2,2021|2022,17,FALSE,only 2 of 6 history year(s) present (2021|2022); need 3
Puget Sound,778,6,2019|2020|2021|2022|2023|2024,4936.5,TRUE,NA
Puget Sound,782,1,2019,0,FALSE,only 1 of 6 history year(s) present (2019); need 3
Puget Sound,786,6,2019|2020|2021|2022|2023|2024,4747.333333333333,TRUE,NA
Puget Sound,788,6,2019|2020|2021|2022|2023|2024,480.1666666666667,TRUE,NA
Puget Sound,790,5,2020|2021|2022|2023|2024,505.4,TRUE,NA
Puget Sound,792,5,2020|2021|2022|2023|2024,992.6,TRUE,NA
Puget Sound,794,5,2020|2021|2022|2023|2024,2620.8,TRUE,NA
Puget Sound,802,6,2019|2020|2021|2022|2023|2024,2118,TRUE,NA
Puget Sound,804,6,2019|2020|2021|2022|2023|2024,26540.833333333332,TRUE,NA
Puget Sound,808,2,2021|2022,20.5,FALSE,only 2 of 6 history year(s) present (2021|2022); need 3
Puget Sound,810,4,2020|2021|2022|2023,16.75,TRUE,NA
Puget Sound,812,6,2019|2020|2021|2022|2023|2024,3491,TRUE,NA
Puget Sound,814,3,2021|2022|2024,96,TRUE,NA
Puget Sound,816,6,2019|2020|2021|2022|2023|2024,9631.833333333334,TRUE,NA
Puget Sound,818,4,2020|2021|2022|2024,40.25,TRUE,NA
Puget Sound,824,6,2019|2020|2021|2022|2023|2024,72.66666666666667,TRUE,NA
Puget Sound,825,6,2019|2020|2021|2022|2023|2024,6959,TRUE,NA
Puget Sound,826,6,2019|2020|2021|2022|2023|2024,2522.1666666666665,TRUE,NA
Puget Sound,828,2,2023|2024,44,FALSE,only 2 of 6 history year(s) present (2023|2024); need 3
Puget Sound,830,6,2019|2020|2021|2022|2023|2024,18812.166666666668,TRUE,NA
Puget Sound,832,5,2019|2020|2021|2023|2024,13.8,TRUE,NA
Puget Sound,834,5,2019|2021|2022|2023|2024,79.2,TRUE,NA
Puget Sound,840,4,2021|2022|2023|2024,131,TRUE,NA
Puget Sound,844,6,2019|2020|2021|2022|2023|2024,1421.1666666666667,TRUE,NA
Puget Sound,850,6,2019|2020|2021|2022|2023|2024,11524.666666666666,TRUE,NA
Puget Sound,852,6,2019|2020|2021|2022|2023|2024,106.66666666666667,TRUE,NA
Puget Sound,854,5,2019|2020|2021|2022|2024,10.4,TRUE,NA
Puget Sound,858,3,2019|2023|2024,32,TRUE,NA
Puget Sound,860,6,2019|2020|2021|2022|2023|2024,869.5,TRUE,NA
Puget Sound,866,3,2022|2023|2024,52.333333333333336,TRUE,NA
Puget Sound,872,6,2019|2020|2021|2022|2023|2024,798.1666666666666,TRUE,NA
Puget Sound,878,1,2019,0,FALSE,only 1 of 6 history year(s) present (2019); need 3
Puget Sound,884,6,2019|2020|2021|2022|2023|2024,110.5,TRUE,NA
Unknown,192,6,2019|2020|2021|2022|2023|2024,2749.5,TRUE,NA
