fishery_name,year,location,mode,n_interviews,n_location,prop,prop_hrs,prop_delta
Baker summer sockeye 2022,2022,bank,guided,0,4,0,NA,NA
Baker summer sockeye 2022,2022,bank,unguided,4,4,1,1,0
Baker summer sockeye 2022,2022,boat,guided,9,562,0.01601423487544484,0.03413581796710092,-0.01812158309165608
Baker summer sockeye 2022,2022,boat,unguided,553,562,0.9839857651245552,0.965864182032899,0.018121583091656124
Baker summer sockeye 2023,2023,bank,guided,0,9,0,NA,NA
Baker summer sockeye 2023,2023,bank,unguided,9,9,1,1,0
Baker summer sockeye 2023,2023,boat,guided,9,475,0.018947368421052633,0.03564407018027249,-0.01669670175921986
Baker summer sockeye 2023,2023,boat,unguided,466,475,0.9810526315789474,0.9643559298197275,0.01669670175921989
Cascade fall salmon 2021,2021,bank,guided,0,106,0,NA,NA
Cascade fall salmon 2021,2021,bank,unguided,106,106,1,1,0
Cascade fall salmon 2022,2022,bank,guided,0,182,0,NA,NA
Cascade fall salmon 2022,2022,bank,unguided,182,182,1,1,0
Cascade fall salmon 2023,2023,bank,guided,1,273,0.003663003663003663,0.0032223009685802034,4.4070269442345955e-4
Cascade fall salmon 2023,2023,bank,unguided,272,273,0.99633699633699635,0.9967776990314198,-4.407026944234227e-4
Cascade fall salmon 2024,2024,bank,guided,0,200,0,NA,NA
Cascade fall salmon 2024,2024,bank,unguided,200,200,1,1,0
Cascade spring Chinook 2022,2022,bank,guided,0,409,0,NA,NA
Cascade spring Chinook 2022,2022,bank,unguided,409,409,1,1,0
Cascade spring Chinook 2023,2023,bank,guided,0,158,0,NA,NA
Cascade spring Chinook 2023,2023,bank,unguided,158,158,1,1,0
Cascade spring Chinook 2024,2024,bank,guided,0,154,0,NA,NA
Cascade spring Chinook 2024,2024,bank,unguided,154,154,1,1,0
Cascade winter gamefish 2021-22,2021,bank,guided,0,10,0,NA,NA
Cascade winter gamefish 2021-22,2021,bank,unguided,10,10,1,1,0
Cascade winter gamefish 2021-22,2022,bank,guided,0,5,0,NA,NA
Cascade winter gamefish 2021-22,2022,bank,unguided,5,5,1,1,0
Cascade winter gamefish 2023,2023,bank,guided,0,7,0,NA,NA
Cascade winter gamefish 2023,2023,bank,unguided,7,7,1,1,0
Chehalis salmon 2022,2022,bank,guided,0,94,0,NA,NA
Chehalis salmon 2022,2022,bank,unguided,94,94,1,1,0
Chehalis salmon 2022,2022,boat,guided,90,789,0.11406844106463879,0.2082673609889401,-0.09419891992430132
Chehalis salmon 2022,2022,boat,unguided,699,789,0.8859315589353612,0.79173263901106,0.0941989199243013
Chehalis salmon 2024,2024,bank,guided,0,448,0,NA,NA
Chehalis salmon 2024,2024,bank,unguided,448,448,1,1,0
Chehalis salmon 2024,2024,boat,guided,54,893,0.060470324748040316,0.11656323736231025,-0.056092912614269935
Chehalis salmon 2024,2024,boat,unguided,839,893,0.9395296752519597,0.8834367626376898,0.05609291261426996
Chehalis salmon 2025,2025,bank,guided,1,339,0.0029498525073746312,0.01104533003446143,-0.008095477527086798
Chehalis salmon 2025,2025,bank,unguided,338,339,0.9970501474926253,0.9889546699655386,0.008095477527086725
Chehalis salmon 2025,2025,boat,guided,77,1016,0.07578740157480315,0.15435533221179962,-0.07856793063699646
Chehalis salmon 2025,2025,boat,unguided,939,1016,0.9242125984251969,0.8456446677882004,0.07856793063699652
Chehalis winter steelhead 2024-25,2024,bank,guided,0,149,0,NA,NA
Chehalis winter steelhead 2024-25,2024,bank,unguided,149,149,1,1,0
Chehalis winter steelhead 2024-25,2024,boat,guided,14,181,0.07734806629834254,0.13076903516727553,-0.053420968868932994
Chehalis winter steelhead 2024-25,2024,boat,unguided,167,181,0.9226519337016574,0.8692309648327246,0.05342096886893288
Chehalis winter steelhead 2024-25,2025,bank,guided,0,10,0,NA,NA
Chehalis winter steelhead 2024-25,2025,bank,unguided,10,10,1,1,0
Chehalis winter steelhead 2024-25,2025,boat,guided,0,37,0,NA,NA
Chehalis winter steelhead 2024-25,2025,boat,unguided,37,37,1,1,0
Chehalis winter steelhead 2025-26,2025,bank,guided,0,2,0,NA,NA
Chehalis winter steelhead 2025-26,2025,bank,unguided,2,2,1,1,0
Chehalis winter steelhead 2025-26,2025,boat,guided,1,16,0.0625,0.09620689655172414,-0.03370689655172414
Chehalis winter steelhead 2025-26,2025,boat,unguided,15,16,0.9375,0.9037931034482759,0.0337068965517241
Chehalis winter steelhead 2025-26,2026,bank,guided,0,9,0,NA,NA
Chehalis winter steelhead 2025-26,2026,bank,unguided,9,9,1,1,0
Chehalis winter steelhead 2025-26,2026,boat,guided,2,30,0.06666666666666667,0.16509988249118684,-0.09843321582452018
Chehalis winter steelhead 2025-26,2026,boat,unguided,28,30,0.9333333333333333,0.8349001175088132,0.09843321582452014
Drano Lake salmon and steelhead 2023,2023,bank,guided,0,101,0,NA,NA
Drano Lake salmon and steelhead 2023,2023,bank,unguided,101,101,1,1,0
Drano Lake salmon and steelhead 2023,2023,boat,guided,118,878,0.13439635535307518,0.2284215004963835,-0.09402514514330831
Drano Lake salmon and steelhead 2023,2023,boat,unguided,760,878,0.8656036446469249,0.7715784995036166,0.09402514514330829
Drano Lake salmon and steelhead 2024,2024,bank,guided,1,156,0.00641025641025641,0.05858240819812126,-0.05217215178786485
Drano Lake salmon and steelhead 2024,2024,bank,unguided,155,156,0.9935897435897436,0.9414175918018787,0.05217215178786494
Drano Lake salmon and steelhead 2024,2024,boat,guided,119,854,0.13934426229508196,0.24922231092618735,-0.1098780486311054
Drano Lake salmon and steelhead 2024,2024,boat,unguided,735,854,0.860655737704918,0.7507776890738126,0.1098780486311054
Drano Lake salmon and steelhead 2025,2025,bank,guided,0,249,0,NA,NA
Drano Lake salmon and steelhead 2025,2025,bank,unguided,249,249,1,1,0
Drano Lake salmon and steelhead 2025,2025,boat,guided,122,717,0.1701534170153417,0.26958711982512784,-0.09943370280978614
Drano Lake salmon and steelhead 2025,2025,boat,unguided,595,717,0.8298465829846583,0.730412880174872,0.09943370280978625
Drano Lake salmon and steelhead 2026,2026,bank,guided,0,16,0,NA,NA
Drano Lake salmon and steelhead 2026,2026,bank,unguided,16,16,1,1,0
Drano Lake salmon and steelhead 2026,2026,boat,guided,0,54,0,NA,NA
Drano Lake salmon and steelhead 2026,2026,boat,unguided,54,54,1,1,0
Drano Lake spring Chinook 2026,2026,bank,guided,0,174,0,NA,NA
Drano Lake spring Chinook 2026,2026,bank,unguided,174,174,1,1,0
Drano Lake spring Chinook 2026,2026,boat,guided,145,659,0.22003034901365706,0.42899857723804935,-0.2089682282243923
Drano Lake spring Chinook 2026,2026,boat,unguided,514,659,0.779969650986343,0.5710014227619505,0.20896822822439243
Hoh fall salmon 2023,2023,bank,guided,2,42,0.047619047619047616,0.08508301853641395,-0.037463970917366335
Hoh fall salmon 2023,2023,bank,unguided,40,42,0.9523809523809523,0.9149169814635861,0.037463970917366196
Hoh fall salmon 2023,2023,boat,guided,10,20,0.5,0.4605641664162123,0.039435833583787716
Hoh fall salmon 2023,2023,boat,unguided,10,20,0.5,0.5394358335837878,-0.03943583358378777
Hoh fall salmon 2025,2025,bank,guided,0,113,0,NA,NA
Hoh fall salmon 2025,2025,bank,unguided,113,113,1,1,0
Hoh fall salmon 2025,2025,boat,guided,50,101,0.49504950495049505,0.5214576396596374,-0.026408134709142383
Hoh fall salmon 2025,2025,boat,unguided,51,101,0.504950495049505,0.47854236034036257,0.026408134709142383
Hoh winter steelhead 2022-23,2022,bank,guided,0,18,0,NA,NA
Hoh winter steelhead 2022-23,2022,bank,unguided,18,18,1,1,0
Hoh winter steelhead 2022-23,2023,bank,guided,175,637,0.27472527472527475,0.40364301256673984,-0.1289177378414651
Hoh winter steelhead 2022-23,2023,bank,unguided,462,637,0.7252747252747253,0.5963569874332602,0.1289177378414651
Hoh winter steelhead 2022-23,2023,boat,guided,6,11,0.5454545454545454,0.5605450887141028,-0.015090543259557387
Hoh winter steelhead 2022-23,2023,boat,unguided,5,11,0.45454545454545453,0.4394549112858972,0.015090543259557332
Hoh winter steelhead 2023-24,2023,bank,guided,1,43,0.023255813953488372,0.06297596185683067,-0.0397201479033423
Hoh winter steelhead 2023-24,2023,bank,unguided,42,43,0.9767441860465116,0.9370240381431694,0.03972014790334222
Hoh winter steelhead 2023-24,2023,boat,guided,0,3,0,NA,NA
Hoh winter steelhead 2023-24,2023,boat,unguided,3,3,1,1,0
Hoh winter steelhead 2023-24,2024,bank,guided,104,498,0.20883534136546184,0.2749456886934624,-0.06611034732800058
Hoh winter steelhead 2023-24,2024,bank,unguided,394,498,0.7911646586345381,0.7250543113065376,0.06611034732800047
Hoh winter steelhead 2023-24,2024,boat,guided,115,212,0.5424528301886793,0.5335980657620204,0.00885476442665889
Hoh winter steelhead 2023-24,2024,boat,unguided,97,212,0.45754716981132076,0.4664019342379796,-0.008854764426658834
Hoh winter steelhead 2024-25,2024,bank,guided,0,9,0,NA,NA
Hoh winter steelhead 2024-25,2024,bank,unguided,9,9,1,1,0
Hoh winter steelhead 2024-25,2024,boat,guided,1,1,1,1,0
Hoh winter steelhead 2024-25,2024,boat,unguided,0,1,0,NA,NA
Hoh winter steelhead 2024-25,2025,bank,guided,73,329,0.22188449848024316,0.3427528560173331,-0.12086835753708991
Hoh winter steelhead 2024-25,2025,bank,unguided,256,329,0.7781155015197568,0.6572471439826669,0.12086835753708991
Hoh winter steelhead 2024-25,2025,boat,guided,114,214,0.5327102803738317,0.43771798405944745,0.09499229631438427
Hoh winter steelhead 2024-25,2025,boat,unguided,100,214,0.4672897196261682,0.5622820159405525,-0.09499229631438427
Hoh winter steelhead 2025-26,2025,bank,guided,0,21,0,NA,NA
Hoh winter steelhead 2025-26,2025,bank,unguided,21,21,1,1,0
Hoh winter steelhead 2025-26,2025,boat,guided,0,1,0,NA,NA
Hoh winter steelhead 2025-26,2025,boat,unguided,1,1,1,1,0
Hoh winter steelhead 2025-26,2026,bank,guided,66,440,0.15,0.23239272822001414,-0.08239272822001414
Hoh winter steelhead 2025-26,2026,bank,unguided,374,440,0.85,0.7676072717799859,0.08239272822001409
Hoh winter steelhead 2025-26,2026,boat,guided,183,309,0.5922330097087378,0.5296626770142315,0.06257033269450629
Hoh winter steelhead 2025-26,2026,boat,unguided,126,309,0.4077669902912621,0.4703373229857684,-0.06257033269450629
Humptulips salmon 2020,2020,bank,guided,0,442,0,NA,NA
Humptulips salmon 2020,2020,bank,unguided,442,442,1,1,0
Humptulips salmon 2020,2020,boat,guided,153,403,0.37965260545905705,0.41461716005125065,-0.03496455459219361
Humptulips salmon 2020,2020,boat,unguided,250,403,0.6203473945409429,0.5853828399487493,0.03496455459219361
Humptulips salmon 2021,2021,bank,guided,1,385,0.0025974025974025974,0.009236189357751574,-0.006638786760348976
Humptulips salmon 2021,2021,bank,unguided,384,385,0.9974025974025974,0.9907638106422484,0.006638786760349014
Humptulips salmon 2021,2021,boat,guided,94,338,0.2781065088757396,0.29215939700677646,-0.014052888131036834
Humptulips salmon 2021,2021,boat,unguided,244,338,0.7218934911242604,0.7078406029932236,0.014052888131036778
Humptulips salmon 2022,2022,bank,guided,1,451,0.0022172949002217295,0.00592739372211691,-0.0037100988218951806
Humptulips salmon 2022,2022,bank,unguided,450,451,0.9977827050997783,0.9940726062778831,0.0037100988218952136
Humptulips salmon 2022,2022,boat,guided,50,218,0.22935779816513763,0.24761584846300058,-0.018258050297862954
Humptulips salmon 2022,2022,boat,unguided,168,218,0.7706422018348624,0.7523841515369994,0.018258050297862982
Humptulips salmon 2023,2023,bank,guided,4,567,0.007054673721340388,0.014687427145698682,-0.007632753424358294
Humptulips salmon 2023,2023,bank,unguided,563,567,0.9929453262786596,0.9853125728543013,0.007632753424358318
Humptulips salmon 2023,2023,boat,guided,69,301,0.2292358803986711,0.2354680750707512,-0.00623219467208011
Humptulips salmon 2023,2023,boat,unguided,232,301,0.770764119601329,0.7645319249292488,0.006232194672080138
Humptulips salmon 2024,2024,bank,guided,3,647,0.00463678516228748,0.009640438912813144,-0.005003653750525664
Humptulips salmon 2024,2024,bank,unguided,644,647,0.9953632148377125,0.9903595610871868,0.005003653750525694
Humptulips salmon 2024,2024,boat,guided,64,254,0.25196850393700787,0.28478120142493324,-0.03281269748792537
Humptulips salmon 2024,2024,boat,unguided,190,254,0.7480314960629921,0.7152187985750668,0.03281269748792537
Humptulips salmon 2025,2025,bank,guided,2,693,0.002886002886002886,0.005475092606058532,-0.0025890897200556463
Humptulips salmon 2025,2025,bank,unguided,691,693,0.9971139971139971,0.9945249073939414,0.0025890897200556706
Humptulips salmon 2025,2025,boat,guided,40,217,0.18433179723502305,0.2049560605623093,-0.020624263327286257
Humptulips salmon 2025,2025,boat,unguided,177,217,0.815668202764977,0.7950439394376907,0.020624263327286285
Humptulips winter steelhead 2024-25,2024,bank,guided,1,220,0.004545454545454545,0.002227323658823208,0.002318130886631337
Humptulips winter steelhead 2024-25,2024,bank,unguided,219,220,0.9954545454545455,0.9977726763411767,-0.0023181308866312422
Humptulips winter steelhead 2024-25,2024,boat,guided,9,40,0.225,0.2614506195925898,-0.0364506195925898
Humptulips winter steelhead 2024-25,2024,boat,unguided,31,40,0.775,0.7385493804074101,0.036450619592589883
Humptulips winter steelhead 2024-25,2025,bank,guided,0,88,0,NA,NA
Humptulips winter steelhead 2024-25,2025,bank,unguided,88,88,1,1,0
Humptulips winter steelhead 2024-25,2025,boat,guided,4,17,0.23529411764705882,0.2722582662393497,-0.03696414859229086
Humptulips winter steelhead 2024-25,2025,boat,unguided,13,17,0.7647058823529411,0.7277417337606504,0.03696414859229069
Humptulips winter steelhead 2025-26,2025,bank,guided,0,335,0,NA,NA
Humptulips winter steelhead 2025-26,2025,bank,unguided,335,335,1,1,0
Humptulips winter steelhead 2025-26,2025,boat,guided,15,65,0.23076923076923078,0.2795383347073372,-0.048769103938106406
Humptulips winter steelhead 2025-26,2025,boat,unguided,50,65,0.7692307692307693,0.7204616652926629,0.048769103938106406
Humptulips winter steelhead 2025-26,2026,bank,guided,1,120,0.008333333333333333,0.0010561129485005976,0.007277220384832736
Humptulips winter steelhead 2025-26,2026,bank,unguided,119,120,0.9916666666666667,0.9989438870514994,-0.007277220384832694
Humptulips winter steelhead 2025-26,2026,boat,guided,1,15,0.06666666666666667,0.054284804077731764,0.012381862588934901
Humptulips winter steelhead 2025-26,2026,boat,unguided,14,15,0.9333333333333333,0.9457151959222683,-0.012381862588934922
Lower Chehalis salmon 2023,2023,bank,guided,0,227,0,NA,NA
Lower Chehalis salmon 2023,2023,bank,unguided,227,227,1,1,0
Lower Chehalis salmon 2023,2023,boat,guided,9,516,0.01744186046511628,0.04693459153098237,-0.029492731065866088
Lower Chehalis salmon 2023,2023,boat,unguided,507,516,0.9825581395348837,0.9530654084690175,0.02949273106586614
Lower Cowlitz salmon and steelhead 2022-23,2022,bank,guided,0,1,0,NA,NA
Lower Cowlitz salmon and steelhead 2022-23,2022,bank,unguided,1,1,1,1,0
Lower Cowlitz salmon and steelhead 2022-23,2022,boat,guided,23,107,0.21495327102803738,0.41174188656621674,-0.19678861553817936
Lower Cowlitz salmon and steelhead 2022-23,2022,boat,unguided,84,107,0.7850467289719626,0.5882581134337833,0.19678861553817928
Lower Cowlitz salmon and steelhead 2022-23,2023,bank,guided,0,25,0,NA,NA
Lower Cowlitz salmon and steelhead 2022-23,2023,bank,unguided,25,25,1,1,0
Lower Cowlitz salmon and steelhead 2022-23,2023,boat,guided,96,176,0.5454545454545454,0.7849283547315515,-0.23947380927700612
Lower Cowlitz salmon and steelhead 2022-23,2023,boat,unguided,80,176,0.45454545454545453,0.2150716452684485,0.23947380927700604
Lower Cowlitz salmon and steelhead 2023-24,2023,bank,guided,2,566,0.0035335689045936395,0.004877663885920049,-0.0013440949813264096
Lower Cowlitz salmon and steelhead 2023-24,2023,bank,unguided,564,566,0.9964664310954063,0.9951223361140799,0.0013440949813264824
Lower Cowlitz salmon and steelhead 2023-24,2023,boat,guided,25,93,0.26881720430107525,0.47106229718646364,-0.2022450928853884
Lower Cowlitz salmon and steelhead 2023-24,2023,boat,unguided,68,93,0.7311827956989247,0.5289377028135364,0.2022450928853884
Lower Cowlitz salmon and steelhead 2023-24,2024,bank,guided,2,779,0.0025673940949935813,0.014084689038493843,-0.011517294943500261
Lower Cowlitz salmon and steelhead 2023-24,2024,bank,unguided,777,779,0.9974326059050064,0.9859153109615061,0.01151729494350029
Lower Cowlitz salmon and steelhead 2023-24,2024,boat,guided,234,378,0.6190476190476191,0.7383105550195822,-0.11926293597196314
Lower Cowlitz salmon and steelhead 2023-24,2024,boat,unguided,144,378,0.38095238095238093,0.2616894449804177,0.11926293597196325
Naselle winter steelhead 2022,2022,bank,guided,0,162,0,NA,NA
Naselle winter steelhead 2022,2022,bank,unguided,162,162,1,1,0
Naselle winter steelhead 2022,2022,boat,guided,2,4,0.5,0.619539316918189,-0.11953931691818898
Naselle winter steelhead 2022,2022,boat,unguided,2,4,0.5,0.38046068308181097,0.11953931691818903
Naselle winter steelhead 2022-23,2022,bank,guided,0,17,0,NA,NA
Naselle winter steelhead 2022-23,2022,bank,unguided,17,17,1,1,0
Naselle winter steelhead 2022-23,2023,bank,guided,0,184,0,NA,NA
Naselle winter steelhead 2022-23,2023,bank,unguided,184,184,1,1,0
Naselle winter steelhead 2023-24,2023,bank,guided,0,118,0,NA,NA
Naselle winter steelhead 2023-24,2023,bank,unguided,118,118,1,1,0
Naselle winter steelhead 2023-24,2023,boat,guided,1,9,0.1111111111111111,0.17663043478260868,-0.06551932367149757
Naselle winter steelhead 2023-24,2023,boat,unguided,8,9,0.8888888888888888,0.8233695652173912,0.0655193236714976
Naselle winter steelhead 2023-24,2024,bank,guided,2,154,0.012987012987012988,0.029608321201171704,-0.016621308214158716
Naselle winter steelhead 2023-24,2024,bank,unguided,152,154,0.987012987012987,0.9703916787988283,0.016621308214158748
Naselle winter steelhead 2023-24,2024,boat,guided,2,30,0.06666666666666667,0.09682012339819648,-0.030153456731529818
Naselle winter steelhead 2023-24,2024,boat,unguided,28,30,0.9333333333333333,0.9031798766018035,0.030153456731529804
Nooksack fall salmon 2023,2023,bank,guided,0,23,0,NA,NA
Nooksack fall salmon 2023,2023,bank,unguided,23,23,1,1,0
Nooksack fall salmon 2023,2023,boat,guided,0,4,0,NA,NA
Nooksack fall salmon 2023,2023,boat,unguided,4,4,1,1,0
Nooksack fall salmon 2024,2024,bank,guided,0,55,0,NA,NA
Nooksack fall salmon 2024,2024,bank,unguided,55,55,1,1,0
Nooksack fall salmon 2024,2024,boat,guided,0,3,0,NA,NA
Nooksack fall salmon 2024,2024,boat,unguided,3,3,1,1,0
Nooksack spring Chinook 2022,2022,bank,guided,0,156,0,NA,NA
Nooksack spring Chinook 2022,2022,bank,unguided,156,156,1,1,0
Nooksack spring Chinook 2022,2022,boat,guided,0,4,0,NA,NA
Nooksack spring Chinook 2022,2022,boat,unguided,4,4,1,1,0
Nooksack spring Chinook 2026,2026,bank,guided,0,212,0,NA,NA
Nooksack spring Chinook 2026,2026,bank,unguided,212,212,1,1,0
Nooksack spring Chinook 2026,2026,boat,guided,2,24,0.08333333333333333,0.11160105828589756,-0.02826772495256423
Nooksack spring Chinook 2026,2026,boat,unguided,22,24,0.9166666666666666,0.8883989417141025,0.028267724952564133
Nooksack winter gamefish 2021-22,2022,bank,guided,0,208,0,NA,NA
Nooksack winter gamefish 2021-22,2022,bank,unguided,208,208,1,1,0
Nooksack winter gamefish 2021-22,2022,boat,guided,0,46,0,NA,NA
Nooksack winter gamefish 2021-22,2022,boat,unguided,46,46,1,1,0
Nooksack winter gamefish 2022-23,2022,bank,guided,0,77,0,NA,NA
Nooksack winter gamefish 2022-23,2022,bank,unguided,77,77,1,1,0
Nooksack winter gamefish 2022-23,2022,boat,guided,0,10,0,NA,NA
Nooksack winter gamefish 2022-23,2022,boat,unguided,10,10,1,1,0
Nooksack winter gamefish 2022-23,2023,bank,guided,2,173,0.011560693641618497,0.034755106676684897,-0.023194413035066398
Nooksack winter gamefish 2022-23,2023,bank,unguided,171,173,0.9884393063583815,0.9652448933233151,0.02319441303506642
Nooksack winter gamefish 2022-23,2023,boat,guided,1,33,0.030303030303030304,0.022881174709530258,0.007421855593500046
Nooksack winter gamefish 2022-23,2023,boat,unguided,32,33,0.9696969696969697,0.9771188252904698,-0.00742185559350006
Post Quillayute winter steelhead 2023-24,2024,bank,guided,45,123,0.36585365853658536,0.5002948330507849,-0.13444117451419957
Post Quillayute winter steelhead 2023-24,2024,bank,unguided,78,123,0.6341463414634146,0.499705166949215,0.13444117451419962
Post Quillayute winter steelhead 2023-24,2024,boat,guided,118,216,0.5462962962962963,0.5051969186277918,0.041099377668504466
Post Quillayute winter steelhead 2023-24,2024,boat,unguided,98,216,0.4537037037037037,0.49480308137220813,-0.04109937766850441
Pre Quillayute winter steelhead 2023-24,2023,bank,guided,2,22,0.09090909090909091,0.23485784919653893,-0.14394875828744802
Pre Quillayute winter steelhead 2023-24,2023,bank,unguided,20,22,0.9090909090909091,0.765142150803461,0.14394875828744802
Pre Quillayute winter steelhead 2023-24,2023,boat,guided,3,6,0.5,0.5267997308813636,-0.02679973088136356
Pre Quillayute winter steelhead 2023-24,2023,boat,unguided,3,6,0.5,0.47320026911863644,0.02679973088136356
Pre Quillayute winter steelhead 2023-24,2024,bank,guided,13,38,0.34210526315789475,0.4235253175569863,-0.08142005439909156
Pre Quillayute winter steelhead 2023-24,2024,bank,unguided,25,38,0.6578947368421053,0.5764746824430138,0.0814200543990915
Pre Quillayute winter steelhead 2023-24,2024,boat,guided,37,59,0.6271186440677966,0.6091172422293897,0.018001401838406927
Pre Quillayute winter steelhead 2023-24,2024,boat,unguided,22,59,0.3728813559322034,0.3908827577706104,-0.018001401838406983
Puyallup Carbon salmon 2024,2024,boat,guided,0,1,0,NA,NA
Puyallup Carbon salmon 2024,2024,boat,unguided,1,1,1,1,0
Queets winter steelhead 2024-25,2025,bank,guided,2,38,0.05263157894736842,0.07941423133991354,-0.026782652392545125
Queets winter steelhead 2024-25,2025,bank,unguided,36,38,0.9473684210526315,0.9205857686600865,0.02678265239254507
Queets winter steelhead 2024-25,2025,boat,guided,5,21,0.23809523809523808,0.20732604099641513,0.030769197098822948
Queets winter steelhead 2024-25,2025,boat,unguided,16,21,0.7619047619047619,0.7926739590035848,-0.030769197098822976
Queets winter steelhead 2025-26,2025,bank,guided,0,4,0,NA,NA
Queets winter steelhead 2025-26,2025,bank,unguided,4,4,1,1,0
Queets winter steelhead 2025-26,2026,bank,guided,3,26,0.11538461538461539,0.18506693552904271,-0.06968232014442732
Queets winter steelhead 2025-26,2026,bank,unguided,23,26,0.8846153846153846,0.8149330644709573,0.06968232014442732
Queets winter steelhead 2025-26,2026,boat,guided,2,10,0.2,0.20381194409148662,-0.0038119440914866076
Queets winter steelhead 2025-26,2026,boat,unguided,8,10,0.8,0.7961880559085134,0.003811944091486663
Quillayute fall salmon 2022,2022,bank,guided,4,232,0.017241379310344827,0.03833547373061662,-0.02109409442027179
Quillayute fall salmon 2022,2022,bank,unguided,228,232,0.9827586206896551,0.9616645262693834,0.02109409442027177
Quillayute fall salmon 2022,2022,boat,guided,47,147,0.3197278911564626,0.33927310064592237,-0.01954520948945976
Quillayute fall salmon 2022,2022,boat,unguided,100,147,0.6802721088435374,0.6607268993540776,0.019545209489459814
Quillayute fall salmon 2023,2023,bank,guided,0,220,0,NA,NA
Quillayute fall salmon 2023,2023,bank,unguided,220,220,1,1,0
Quillayute fall salmon 2023,2023,boat,guided,31,97,0.31958762886597936,0.40956685414154165,-0.08997922527556229
Quillayute fall salmon 2023,2023,boat,unguided,66,97,0.6804123711340206,0.5904331458584584,0.08997922527556224
Quillayute fall salmon 2024,2024,bank,guided,6,426,0.014084507042253521,0.02545166820519583,-0.011367161162942308
Quillayute fall salmon 2024,2024,bank,unguided,420,426,0.9859154929577465,0.974548331794804,0.011367161162942452
Quillayute fall salmon 2024,2024,boat,guided,96,236,0.4067796610169492,0.41557011849990133,-0.008790457482952152
Quillayute fall salmon 2024,2024,boat,unguided,140,236,0.5932203389830508,0.5844298815000987,0.008790457482952152
Quillayute fall salmon 2025,2025,bank,guided,3,404,0.007425742574257425,0.011133112084111888,-0.0037073695098544628
Quillayute fall salmon 2025,2025,bank,unguided,401,404,0.9925742574257426,0.9888668879158881,0.003707369509854508
Quillayute fall salmon 2025,2025,boat,guided,65,202,0.3217821782178218,0.3654451760664186,-0.043662997848596785
Quillayute fall salmon 2025,2025,boat,unguided,137,202,0.6782178217821783,0.6345548239335815,0.04366299784859673
Quillayute spring chinook 2025,2025,bank,guided,2,58,0.034482758620689655,0.0587527352297593,-0.024269976609069648
Quillayute spring chinook 2025,2025,bank,unguided,56,58,0.9655172413793104,0.9412472647702408,0.0242699766090696
Quillayute spring chinook 2025,2025,boat,guided,49,82,0.5975609756097561,0.5769105817836861,0.020650393826069924
Quillayute spring chinook 2025,2025,boat,unguided,33,82,0.4024390243902439,0.42308941821631385,-0.020650393826069924
Quillayute spring chinook 2026,2026,bank,guided,2,70,0.02857142857142857,0.0922321585130633,-0.06366072994163473
Quillayute spring chinook 2026,2026,bank,unguided,68,70,0.9714285714285714,0.9077678414869367,0.06366072994163474
Quillayute spring chinook 2026,2026,boat,guided,27,63,0.42857142857142855,0.4360286747061146,-0.0074572461346860686
Quillayute spring chinook 2026,2026,boat,unguided,36,63,0.5714285714285714,0.5639713252938853,0.007457246134686124
Quillayute winter steelhead 2022-23,2022,bank,guided,1,10,0.1,0.1409829645584492,-0.040982964558449186
Quillayute winter steelhead 2022-23,2022,bank,unguided,9,10,0.9,0.8590170354415508,0.040982964558449186
Quillayute winter steelhead 2022-23,2022,boat,guided,1,2,0.5,0.6388888888888888,-0.13888888888888884
Quillayute winter steelhead 2022-23,2022,boat,unguided,1,2,0.5,0.3611111111111111,0.1388888888888889
Quillayute winter steelhead 2022-23,2023,bank,guided,46,135,0.34074074074074073,0.46881041800928913,-0.1280696772685484
Quillayute winter steelhead 2022-23,2023,bank,unguided,89,135,0.6592592592592592,0.5311895819907109,0.12806967726854834
Quillayute winter steelhead 2022-23,2023,boat,guided,64,101,0.6336633663366337,0.6016460996521701,0.032017266684463586
Quillayute winter steelhead 2022-23,2023,boat,unguided,37,101,0.36633663366336633,0.39835390034782997,-0.03201726668446364
Quillayute winter steelhead 2024-25,2024,bank,guided,3,151,0.019867549668874173,0.025127992772172866,-0.005260443103298693
Quillayute winter steelhead 2024-25,2024,bank,unguided,148,151,0.9801324503311258,0.9748720072278272,0.005260443103298651
Quillayute winter steelhead 2024-25,2024,boat,guided,21,43,0.4883720930232558,0.5592769415795036,-0.07090484855624779
Quillayute winter steelhead 2024-25,2024,boat,unguided,22,43,0.5116279069767442,0.44072305842049636,0.07090484855624785
Quillayute winter steelhead 2024-25,2025,bank,guided,72,274,0.26277372262773724,0.409771672233075,-0.14699794960533774
Quillayute winter steelhead 2024-25,2025,bank,unguided,202,274,0.7372262773722628,0.590228327766925,0.14699794960533774
Quillayute winter steelhead 2024-25,2025,boat,guided,170,283,0.6007067137809188,0.5916581003516234,0.009048613429295416
Quillayute winter steelhead 2024-25,2025,boat,unguided,113,283,0.3992932862190813,0.40834189964837664,-0.00904861342929536
Quillayute winter steelhead 2025-26,2025,bank,guided,2,172,0.011627906976744186,0.007472826086956523,0.004155080889787663
Quillayute winter steelhead 2025-26,2025,bank,unguided,170,172,0.9883720930232558,0.9925271739130436,-0.004155080889787777
Quillayute winter steelhead 2025-26,2025,boat,guided,7,26,0.2692307692307692,0.29801296264710897,-0.028782193416339752
Quillayute winter steelhead 2025-26,2025,boat,unguided,19,26,0.7307692307692307,0.701987037352891,0.028782193416339696
Quillayute winter steelhead 2025-26,2026,bank,guided,70,483,0.14492753623188406,0.30209863736428794,-0.15717110113240387
Quillayute winter steelhead 2025-26,2026,bank,unguided,413,483,0.855072463768116,0.697901362635712,0.15717110113240396
Quillayute winter steelhead 2025-26,2026,boat,guided,207,393,0.5267175572519084,0.5071254599160491,0.019592097335859315
Quillayute winter steelhead 2025-26,2026,boat,unguided,186,393,0.4732824427480916,0.4928745400839508,-0.019592097335859204
Quinault winter steelhead 2024-25,2025,bank,guided,1,28,0.03571428571428571,0.02897278314310799,0.006741502571177723
Quinault winter steelhead 2024-25,2025,bank,unguided,27,28,0.9642857142857143,0.971027216856892,-0.006741502571177671
Quinault winter steelhead 2024-25,2025,boat,guided,9,18,0.5,0.5386526377319889,-0.038652637731988904
Quinault winter steelhead 2024-25,2025,boat,unguided,9,18,0.5,0.46134736226801104,0.03865263773198896
Quinault winter steelhead 2025-26,2026,bank,guided,0,16,0,NA,NA
Quinault winter steelhead 2025-26,2026,bank,unguided,16,16,1,1,0
Quinault winter steelhead 2025-26,2026,boat,guided,0,4,0,NA,NA
Quinault winter steelhead 2025-26,2026,boat,unguided,4,4,1,1,0
Satsop salmon 2022,2022,bank,guided,0,229,0,NA,NA
Satsop salmon 2022,2022,bank,unguided,229,229,1,1,0
Satsop salmon 2022,2022,boat,guided,5,98,0.05102040816326531,0.06264262383104391,-0.011622215667778601
Satsop salmon 2022,2022,boat,unguided,93,98,0.9489795918367347,0.9373573761689562,0.011622215667778546
Satsop salmon 2023,2023,bank,guided,0,262,0,NA,NA
Satsop salmon 2023,2023,bank,unguided,262,262,1,1,0
Satsop salmon 2023,2023,boat,guided,8,105,0.0761904761904762,0.10546435298182263,-0.029273876791346437
Satsop salmon 2023,2023,boat,unguided,97,105,0.9238095238095239,0.8945356470181773,0.02927387679134652
Satsop salmon 2024,2024,bank,guided,0,341,0,NA,NA
Satsop salmon 2024,2024,bank,unguided,341,341,1,1,0
Satsop salmon 2024,2024,boat,guided,9,134,0.06716417910447761,0.11796879545813488,-0.05080461635365727
Satsop salmon 2024,2024,boat,unguided,125,134,0.9328358208955224,0.8820312045418651,0.050804616353657295
Satsop salmon 2025,2025,bank,guided,0,210,0,NA,NA
Satsop salmon 2025,2025,bank,unguided,210,210,1,1,0
Satsop salmon 2025,2025,boat,guided,19,120,0.15833333333333333,0.2016006715570776,-0.04326733822374426
Satsop salmon 2025,2025,boat,unguided,101,120,0.8416666666666667,0.7983993284429224,0.04326733822374429
Satsop winter steelhead 2024-25,2024,bank,guided,0,116,0,NA,NA
Satsop winter steelhead 2024-25,2024,bank,unguided,116,116,1,1,0
Satsop winter steelhead 2024-25,2024,boat,guided,7,76,0.09210526315789473,0.18091032502691654,-0.0888050618690218
Satsop winter steelhead 2024-25,2024,boat,unguided,69,76,0.9078947368421053,0.8190896749730835,0.08880506186902182
Satsop winter steelhead 2024-25,2025,bank,guided,0,65,0,NA,NA
Satsop winter steelhead 2024-25,2025,bank,unguided,65,65,1,1,0
Satsop winter steelhead 2024-25,2025,boat,guided,4,85,0.047058823529411764,0.06462713373681271,-0.017568310207400947
Satsop winter steelhead 2024-25,2025,boat,unguided,81,85,0.9529411764705882,0.9353728662631874,0.017568310207400795
Satsop winter steelhead 2025-26,2025,bank,guided,0,17,0,NA,NA
Satsop winter steelhead 2025-26,2025,bank,unguided,17,17,1,1,0
Satsop winter steelhead 2025-26,2025,boat,guided,1,12,0.08333333333333333,0.12126267162838446,-0.03792933829505113
Satsop winter steelhead 2025-26,2025,boat,unguided,11,12,0.9166666666666666,0.8787373283716157,0.03792933829505096
Satsop winter steelhead 2025-26,2026,bank,guided,0,71,0,NA,NA
Satsop winter steelhead 2025-26,2026,bank,unguided,71,71,1,1,0
Satsop winter steelhead 2025-26,2026,boat,guided,10,61,0.16393442622950818,0.2783435783654021,-0.1144091521358939
Satsop winter steelhead 2025-26,2026,boat,unguided,51,61,0.8360655737704918,0.7216564216345979,0.11440915213589398
Skagit fall salmon 2021,2021,bank,guided,0,558,0,NA,NA
Skagit fall salmon 2021,2021,bank,unguided,558,558,1,1,0
Skagit fall salmon 2021,2021,boat,guided,11,333,0.03303303303303303,0.06640934283452098,-0.033376309801487945
Skagit fall salmon 2021,2021,boat,unguided,322,333,0.9669669669669669,0.9335906571654791,0.03337630980148787
Skagit fall salmon 2022,2022,bank,guided,2,702,0.002849002849002849,0.01836530710946316,-0.015516304260460313
Skagit fall salmon 2022,2022,bank,unguided,700,702,0.9971509971509972,0.9816346928905368,0.015516304260460356
Skagit fall salmon 2022,2022,boat,guided,49,971,0.05046343975283213,0.11434438848041202,-0.06388094872757989
Skagit fall salmon 2022,2022,boat,unguided,922,971,0.9495365602471678,0.885655611519588,0.06388094872757977
Skagit fall salmon 2023,2023,bank,guided,5,1692,0.002955082742316785,0.009423062872173309,-0.006467980129856524
Skagit fall salmon 2023,2023,bank,unguided,1687,1692,0.9970449172576832,0.9905769371278267,0.006467980129856499
Skagit fall salmon 2023,2023,boat,guided,43,985,0.04365482233502538,0.09803771168635403,-0.05438288935132865
Skagit fall salmon 2023,2023,boat,unguided,942,985,0.9563451776649746,0.901962288313646,0.05438288935132862
Skagit fall salmon 2024,2024,bank,guided,4,1069,0.0037418147801683817,0.010079270182897126,-0.006337455402728744
Skagit fall salmon 2024,2024,bank,unguided,1065,1069,0.9962581852198317,0.9899207298171029,0.006337455402728787
Skagit fall salmon 2024,2024,boat,guided,29,710,0.04084507042253521,0.09323606844600389,-0.05239099802346868
Skagit fall salmon 2024,2024,boat,unguided,681,710,0.9591549295774648,0.9067639315539961,0.05239099802346869
Skagit fall salmon 2025,2025,bank,guided,10,1873,0.005339028296849973,0.027058375264756306,-0.021719346967906332
Skagit fall salmon 2025,2025,bank,unguided,1863,1873,0.99466097170315,0.9729416247352436,0.02171934696790645
Skagit fall salmon 2025,2025,boat,guided,61,760,0.08026315789473684,0.1418056046512082,-0.06154244675647136
Skagit fall salmon 2025,2025,boat,unguided,699,760,0.9197368421052632,0.8581943953487917,0.06154244675647147
Skagit spring Chinook 2021 lower,2021,bank,guided,0,87,0,NA,NA
Skagit spring Chinook 2021 lower,2021,bank,unguided,87,87,1,1,0
Skagit spring Chinook 2021 lower,2021,boat,guided,0,34,0,NA,NA
Skagit spring Chinook 2021 lower,2021,boat,unguided,34,34,1,1,0
Skagit spring Chinook 2022 lower,2022,bank,guided,0,281,0,NA,NA
Skagit spring Chinook 2022 lower,2022,bank,unguided,281,281,1,1,0
Skagit spring Chinook 2022 lower,2022,boat,guided,0,55,0,NA,NA
Skagit spring Chinook 2022 lower,2022,boat,unguided,55,55,1,1,0
Skagit spring Chinook 2022 upper,2022,bank,guided,0,84,0,NA,NA
Skagit spring Chinook 2022 upper,2022,bank,unguided,84,84,1,1,0
Skagit spring Chinook 2022 upper,2022,boat,guided,10,26,0.38461538461538464,0.5674558677474129,-0.18284048313202822
Skagit spring Chinook 2022 upper,2022,boat,unguided,16,26,0.6153846153846154,0.4325441322525871,0.18284048313202833
Skagit spring Chinook 2023 lower,2023,bank,guided,0,127,0,NA,NA
Skagit spring Chinook 2023 lower,2023,bank,unguided,127,127,1,1,0
Skagit spring Chinook 2023 lower,2023,boat,guided,0,53,0,NA,NA
Skagit spring Chinook 2023 lower,2023,boat,unguided,53,53,1,1,0
Skagit spring Chinook 2023 upper,2023,bank,guided,1,88,0.011363636363636364,0.006378541930735577,0.004985094432900787
Skagit spring Chinook 2023 upper,2023,bank,unguided,87,88,0.9886363636363636,0.9936214580692644,-0.0049850944329007385
Skagit spring Chinook 2023 upper,2023,boat,guided,9,39,0.23076923076923078,0.38729584376316634,-0.15652661299393555
Skagit spring Chinook 2023 upper,2023,boat,unguided,30,39,0.7692307692307693,0.6127041562368336,0.15652661299393567
Skagit spring Chinook 2024 lower,2024,bank,guided,0,226,0,NA,NA
Skagit spring Chinook 2024 lower,2024,bank,unguided,226,226,1,1,0
Skagit spring Chinook 2024 lower,2024,boat,guided,0,104,0,NA,NA
Skagit spring Chinook 2024 lower,2024,boat,unguided,104,104,1,1,0
Skagit spring Chinook 2024 upper,2024,bank,guided,0,329,0,NA,NA
Skagit spring Chinook 2024 upper,2024,bank,unguided,329,329,1,1,0
Skagit spring Chinook 2024 upper,2024,boat,guided,8,36,0.2222222222222222,0.39383678440925696,-0.17161456218703475
Skagit spring Chinook 2024 upper,2024,boat,unguided,28,36,0.7777777777777778,0.6061632155907429,0.17161456218703486
Skagit spring Chinook 2025 lower,2025,bank,guided,1,111,0.009009009009009009,0.008889181536840719,1.1982747216829001e-4
Skagit spring Chinook 2025 lower,2025,bank,unguided,110,111,0.990990990990991,0.9911108184631593,-1.1982747216832124e-4
Skagit spring Chinook 2025 lower,2025,boat,guided,0,52,0,NA,NA
Skagit spring Chinook 2025 lower,2025,boat,unguided,52,52,1,1,0
Skagit spring Chinook 2025 upper,2025,bank,guided,1,368,0.002717391304347826,0.013244677278527772,-0.010527285974179946
Skagit spring Chinook 2025 upper,2025,bank,unguided,367,368,0.9972826086956522,0.98675532272147215,0.010527285974180067
Skagit spring Chinook 2025 upper,2025,boat,guided,10,45,0.2222222222222222,0.3420354430379747,-0.11981322081575246
Skagit spring Chinook 2025 upper,2025,boat,unguided,35,45,0.7777777777777778,0.6579645569620253,0.11981322081575252
Skagit spring Chinook 2026 lower,2026,bank,guided,0,135,0,NA,NA
Skagit spring Chinook 2026 lower,2026,bank,unguided,135,135,1,1,0
Skagit spring Chinook 2026 lower,2026,boat,guided,1,107,0.009345794392523364,0.02583697917644629,-0.016491184783922926
Skagit spring Chinook 2026 lower,2026,boat,unguided,106,107,0.9906542056074766,0.9741630208235538,0.016491184783922863
Skagit spring Chinook 2026 upper,2026,bank,guided,1,218,0.0045871559633027525,5.1215077718880434e-5,0.004535940885583872
Skagit spring Chinook 2026 upper,2026,bank,unguided,217,218,0.9954128440366973,0.9999487849222811,-0.0045359408855838446
Skagit spring Chinook 2026 upper,2026,boat,guided,14,71,0.19718309859154928,0.2876557792612845,-0.09047268066973521
Skagit spring Chinook 2026 upper,2026,boat,unguided,57,71,0.8028169014084507,0.7123442207387155,0.09047268066973524
Skagit spring gamefish 2025,2025,bank,guided,0,1,0,NA,NA
Skagit spring gamefish 2025,2025,bank,unguided,1,1,1,1,0
Skagit spring gamefish 2025,2025,boat,guided,0,1,0,NA,NA
Skagit spring gamefish 2025,2025,boat,unguided,1,1,1,1,0
Skagit summer gamefish 2022,2022,bank,guided,0,60,0,NA,NA
Skagit summer gamefish 2022,2022,bank,unguided,60,60,1,1,0
Skagit summer gamefish 2022,2022,boat,guided,2,17,0.11764705882352941,0.19073400195260493,-0.07308694312907552
Skagit summer gamefish 2022,2022,boat,unguided,15,17,0.8823529411764706,0.8092659980473951,0.07308694312907549
Skagit summer gamefish 2024,2024,bank,guided,0,29,0,NA,NA
Skagit summer gamefish 2024,2024,bank,unguided,29,29,1,1,0
Skagit summer gamefish 2024,2024,boat,guided,0,12,0,NA,NA
Skagit summer gamefish 2024,2024,boat,unguided,12,12,1,1,0
Skagit summer sockeye 2022,2022,bank,guided,0,443,0,NA,NA
Skagit summer sockeye 2022,2022,bank,unguided,443,443,1,1,0
Skagit summer sockeye 2022,2022,boat,guided,0,78,0,NA,NA
Skagit summer sockeye 2022,2022,boat,unguided,78,78,1,1,0
Skagit summer sockeye 2023,2023,bank,guided,0,176,0,NA,NA
Skagit summer sockeye 2023,2023,bank,unguided,176,176,1,1,0
Skagit summer sockeye 2023,2023,boat,guided,5,40,0.125,0.29757390795030675,-0.17257390795030675
Skagit summer sockeye 2023,2023,boat,unguided,35,40,0.875,0.7024260920496933,0.1725739079503067
Skagit summer sockeye 2024,2024,bank,guided,0,550,0,NA,NA
Skagit summer sockeye 2024,2024,bank,unguided,550,550,1,1,0
Skagit summer sockeye 2024,2024,boat,guided,5,159,0.031446540880503145,0.0790995356739485,-0.04765299479344536
Skagit summer sockeye 2024,2024,boat,unguided,154,159,0.9685534591194969,0.9209004643260515,0.047652994793445314
Skagit summer sockeye 2025,2025,bank,guided,0,394,0,NA,NA
Skagit summer sockeye 2025,2025,bank,unguided,394,394,1,1,0
Skagit summer sockeye 2025,2025,boat,guided,2,213,0.009389671361502348,0.022931661294358342,-0.013541989932855995
Skagit summer sockeye 2025,2025,boat,unguided,211,213,0.9906103286384976,0.9770683387056416,0.013541989932856047
Skagit summer sockeye 2026,2026,bank,guided,0,289,0,NA,NA
Skagit summer sockeye 2026,2026,bank,unguided,289,289,1,1,0
Skagit summer sockeye 2026,2026,boat,guided,8,194,0.041237113402061855,0.1295546867259605,-0.08831757332389864
Skagit summer sockeye 2026,2026,boat,unguided,186,194,0.9587628865979382,0.8704453132740395,0.08831757332389867
Skagit winter gamefish 2021-22,2022,bank,guided,3,104,0.028846153846153848,0.0992408627017244,-0.07039470885557056
Skagit winter gamefish 2021-22,2022,bank,unguided,101,104,0.9711538461538461,0.9007591372982756,0.07039470885557053
Skagit winter gamefish 2021-22,2022,boat,guided,2,37,0.05405405405405406,0.06072494383529491,-0.006670889781240856
Skagit winter gamefish 2021-22,2022,boat,unguided,35,37,0.9459459459459459,0.9392750561647051,0.006670889781240863
Skagit winter gamefish 2022-23,2022,bank,guided,0,17,0,NA,NA
Skagit winter gamefish 2022-23,2022,bank,unguided,17,17,1,1,0
Skagit winter gamefish 2022-23,2022,boat,guided,0,5,0,NA,NA
Skagit winter gamefish 2022-23,2022,boat,unguided,5,5,1,1,0
Skagit winter gamefish 2022-23,2023,bank,guided,2,170,0.011764705882352941,0.01701560886547642,-0.00525090298312348
Skagit winter gamefish 2022-23,2023,bank,unguided,168,170,0.9882352941176471,0.9829843911345235,0.005250902983123584
Skagit winter gamefish 2022-23,2023,boat,guided,2,56,0.03571428571428571,0.042414209655048996,-0.006699923940763283
Skagit winter gamefish 2022-23,2023,boat,unguided,54,56,0.9642857142857143,0.957585790344951,0.006699923940763353
Skagit winter gamefish 2024,2024,bank,guided,0,58,0,NA,NA
Skagit winter gamefish 2024,2024,bank,unguided,58,58,1,1,0
Skagit winter gamefish 2024,2024,boat,guided,1,12,0.08333333333333333,0.09583736689254599,-0.01250403355921266
Skagit winter gamefish 2024,2024,boat,unguided,11,12,0.9166666666666666,0.904162633107454,0.01250403355921259
Skagit winter gamefish 2025,2025,bank,guided,1,72,0.013888888888888888,0.03886244739015852,-0.02497355850126963
Skagit winter gamefish 2025,2025,bank,unguided,71,72,0.9861111111111112,0.9611375526098416,0.024973558501269588
Skagit winter gamefish 2025,2025,boat,guided,0,22,0,NA,NA
Skagit winter gamefish 2025,2025,boat,unguided,22,22,1,1,0
Skagit winter steelhead 2021,2021,bank,guided,5,909,0.005500550055005501,0.010153194133533024,-0.004652644078527523
Skagit winter steelhead 2021,2021,bank,unguided,904,909,0.9944994499449945,0.9898468058664669,0.004652644078527612
Skagit winter steelhead 2021,2021,boat,guided,128,951,0.13459516298633017,0.12292225218292788,0.011672910803402298
Skagit winter steelhead 2021,2021,boat,unguided,823,951,0.8654048370136698,0.8770777478170722,-0.011672910803402381
Skagit winter steelhead 2023,2023,bank,guided,10,486,0.0205761316872428,0.036688061498991786,-0.016111929811748988
Skagit winter steelhead 2023,2023,bank,unguided,476,486,0.9794238683127572,0.9633119385010082,0.016111929811749026
Skagit winter steelhead 2023,2023,boat,guided,22,239,0.09205020920502092,0.1037123781304893,-0.01166216892546837
Skagit winter steelhead 2023,2023,boat,unguided,217,239,0.9079497907949791,0.8962876218695108,0.01166216892546823
Skagit winter steelhead 2024,2024,bank,guided,21,772,0.027202072538860103,0.08401029434847376,-0.05680822180961366
Skagit winter steelhead 2024,2024,bank,unguided,751,772,0.9727979274611399,0.9159897056515262,0.05680822180961376
Skagit winter steelhead 2024,2024,boat,guided,74,451,0.164079822616408,0.19564357151609257,-0.03156374889968458
Skagit winter steelhead 2024,2024,boat,unguided,377,451,0.835920177383592,0.8043564284839075,0.031563748899684496
Skagit winter steelhead 2025,2025,bank,guided,24,740,0.032432432432432434,0.07119287273742311,-0.03876044030499068
Skagit winter steelhead 2025,2025,bank,unguided,716,740,0.9675675675675676,0.9288071272625769,0.038760440304990706
Skagit winter steelhead 2025,2025,boat,guided,82,425,0.19294117647058823,0.17722432098831398,0.01571685548227425
Skagit winter steelhead 2025,2025,boat,unguided,343,425,0.8070588235294117,0.822775679011686,-0.015716855482274306
Skookumchuck winter steelhead 2024-25,2024,bank,guided,0,144,0,NA,NA
Skookumchuck winter steelhead 2024-25,2024,bank,unguided,144,144,1,1,0
Skookumchuck winter steelhead 2024-25,2025,bank,guided,0,331,0,NA,NA
Skookumchuck winter steelhead 2024-25,2025,bank,unguided,331,331,1,1,0
Skookumchuck winter steelhead 2024-25,2025,boat,guided,0,1,0,NA,NA
Skookumchuck winter steelhead 2024-25,2025,boat,unguided,1,1,1,1,0
Skookumchuck winter steelhead 2025-26,2025,bank,guided,0,39,0,NA,NA
Skookumchuck winter steelhead 2025-26,2025,bank,unguided,39,39,1,1,0
Skookumchuck winter steelhead 2025-26,2026,bank,guided,0,202,0,NA,NA
Skookumchuck winter steelhead 2025-26,2026,bank,unguided,202,202,1,1,0
Skykomish summer Chinook 2020,2020,bank,guided,0,8,0,NA,NA
Skykomish summer Chinook 2020,2020,bank,unguided,8,8,1,1,0
Skykomish summer Chinook 2020,2020,boat,guided,35,53,0.660377358490566,0.8204628046173579,-0.16008544612679187
Skykomish summer Chinook 2020,2020,boat,unguided,18,53,0.33962264150943394,0.17953719538264215,0.1600854461267918
Skykomish summer Chinook 2021,2021,bank,guided,0,17,0,NA,NA
Skykomish summer Chinook 2021,2021,bank,unguided,17,17,1,1,0
Skykomish summer Chinook 2021,2021,boat,guided,47,131,0.35877862595419846,0.526725650070356,-0.16794702411615753
Skykomish summer Chinook 2021,2021,boat,unguided,84,131,0.6412213740458015,0.47327434992964407,0.16794702411615742
Skykomish summer Chinook and gamefish 2022,2022,bank,guided,1,459,0.002178649237472767,0.002458672606048335,-2.80023368575568e-4
Skykomish summer Chinook and gamefish 2022,2022,bank,unguided,458,459,0.9978213507625272,0.9975413273939517,2.8002336857546606e-4
Skykomish summer Chinook and gamefish 2022,2022,boat,guided,65,265,0.24528301886792453,0.4216411906677393,-0.17635817179981478
Skykomish summer Chinook and gamefish 2022,2022,boat,unguided,200,265,0.7547169811320755,0.5783588093322607,0.17635817179981483
Skykomish summer Chinook and gamefish 2025,2025,bank,guided,0,183,0,NA,NA
Skykomish summer Chinook and gamefish 2025,2025,bank,unguided,183,183,1,1,0
Skykomish summer Chinook and gamefish 2025,2025,boat,guided,12,67,0.1791044776119403,0.3205922117808082,-0.14148773416886792
Skykomish summer Chinook and gamefish 2025,2025,boat,unguided,55,67,0.8208955223880597,0.6794077882191918,0.14148773416886795
Skykomish winter gamefish 2021-22,2021,bank,guided,0,108,0,NA,NA
Skykomish winter gamefish 2021-22,2021,bank,unguided,108,108,1,1,0
Skykomish winter gamefish 2021-22,2022,bank,guided,0,139,0,NA,NA
Skykomish winter gamefish 2021-22,2022,bank,unguided,139,139,1,1,0
Skykomish winter gamefish 2021-22,2022,boat,guided,0,1,0,NA,NA
Skykomish winter gamefish 2021-22,2022,boat,unguided,1,1,1,1,0
Skykomish winter gamefish 2022-23,2022,bank,guided,0,1,0,NA,NA
Skykomish winter gamefish 2022-23,2022,bank,unguided,1,1,1,1,0
Snohomish fall salmon 2021,2021,bank,guided,0,295,0,NA,NA
Snohomish fall salmon 2021,2021,bank,unguided,295,295,1,1,0
Snohomish fall salmon 2021,2021,boat,guided,5,323,0.015479876160990712,0.03213994591587201,-0.016660069754881303
Snohomish fall salmon 2021,2021,boat,unguided,318,323,0.9845201238390093,0.967860054084128,0.016660069754881324
Snohomish fall salmon 2023,2023,boat,guided,13,13,1,1,0
Snohomish fall salmon 2023,2023,boat,unguided,0,13,0,NA,NA
Snohomish fall salmon 2024,2024,boat,guided,5,5,1,1,0
Snohomish fall salmon 2024,2024,boat,unguided,0,5,0,NA,NA
Snohomish fall salmon 2025,2025,bank,guided,1,855,0.0011695906432748538,1.1206510120340677e-4,0.001057525542071447
Snohomish fall salmon 2025,2025,bank,unguided,854,855,0.9988304093567252,0.9998879348987966,-0.0010575255420713914
Snohomish fall salmon 2025,2025,boat,guided,11,417,0.026378896882494004,0.042434105628924246,-0.016055208746430242
Snohomish fall salmon 2025,2025,boat,unguided,406,417,0.973621103117506,0.9575658943710758,0.016055208746430294
South Fork Willapa winter steelhead 2022-23,2022,bank,guided,0,1,0,NA,NA
South Fork Willapa winter steelhead 2022-23,2022,bank,unguided,1,1,1,1,0
South Fork Willapa winter steelhead 2022-23,2023,bank,guided,0,11,0,NA,NA
South Fork Willapa winter steelhead 2022-23,2023,bank,unguided,11,11,1,1,0
South Fork Willapa winter steelhead 2023-24,2023,bank,guided,0,3,0,NA,NA
South Fork Willapa winter steelhead 2023-24,2023,bank,unguided,3,3,1,1,0
South Fork Willapa winter steelhead 2023-24,2024,bank,guided,0,14,0,NA,NA
South Fork Willapa winter steelhead 2023-24,2024,bank,unguided,14,14,1,1,0
Stillaguamish salmon and gamefish 2024-25,2024,bank,guided,1,1,1,1,0
Stillaguamish salmon and gamefish 2024-25,2024,bank,unguided,0,1,0,NA,NA
Stillaguamish salmon and gamefish 2025-26,2025,bank,guided,0,632,0,NA,NA
Stillaguamish salmon and gamefish 2025-26,2025,bank,unguided,632,632,1,1,0
Stillaguamish salmon and gamefish 2025-26,2025,boat,guided,0,13,0,NA,NA
Stillaguamish salmon and gamefish 2025-26,2025,boat,unguided,13,13,1,1,0
Upper Chehalis salmon 2023,2023,bank,guided,0,29,0,NA,NA
Upper Chehalis salmon 2023,2023,bank,unguided,29,29,1,1,0
Upper Chehalis salmon 2023,2023,boat,guided,33,213,0.15492957746478872,0.30430900035216585,-0.14937942288737713
Upper Chehalis salmon 2023,2023,boat,unguided,180,213,0.8450704225352113,0.6956909996478342,0.14937942288737704
Willapa winter steelhead 2022,2022,bank,guided,5,283,0.0176678445229682,0.022874525443418486,-0.005206680920450287
Willapa winter steelhead 2022,2022,bank,unguided,278,283,0.9823321554770318,0.9771254745565816,0.00520668092045018
Willapa winter steelhead 2022,2022,boat,guided,0,2,0,NA,NA
Willapa winter steelhead 2022,2022,boat,unguided,2,2,1,1,0
Willapa winter steelhead 2022-23,2022,bank,guided,0,29,0,NA,NA
Willapa winter steelhead 2022-23,2022,bank,unguided,29,29,1,1,0
Willapa winter steelhead 2022-23,2023,bank,guided,0,258,0,NA,NA
Willapa winter steelhead 2022-23,2023,bank,unguided,258,258,1,1,0
Willapa winter steelhead 2022-23,2023,boat,guided,0,2,0,NA,NA
Willapa winter steelhead 2022-23,2023,boat,unguided,2,2,1,1,0
Willapa winter steelhead 2023-24,2023,bank,guided,0,255,0,NA,NA
Willapa winter steelhead 2023-24,2023,bank,unguided,255,255,1,1,0
Willapa winter steelhead 2023-24,2023,boat,guided,0,8,0,NA,NA
Willapa winter steelhead 2023-24,2023,boat,unguided,8,8,1,1,0
Willapa winter steelhead 2023-24,2024,bank,guided,1,260,0.0038461538461538464,0.00542233834829393,-0.0015761845021400834
Willapa winter steelhead 2023-24,2024,bank,unguided,259,260,0.9961538461538462,0.994577661651706,0.0015761845021401433
Willapa winter steelhead 2023-24,2024,boat,guided,0,11,0,NA,NA
Willapa winter steelhead 2023-24,2024,boat,unguided,11,11,1,1,0
Wynoochee winter steelhead 2024-25,2024,bank,guided,0,68,0,NA,NA
Wynoochee winter steelhead 2024-25,2024,bank,unguided,68,68,1,1,0
Wynoochee winter steelhead 2024-25,2024,boat,guided,3,45,0.06666666666666667,0.08866801047241722,-0.022001343805750556
Wynoochee winter steelhead 2024-25,2024,boat,unguided,42,45,0.9333333333333333,0.9113319895275828,0.022001343805750584
Wynoochee winter steelhead 2024-25,2025,bank,guided,1,217,0.004608294930875576,0.024109747204666993,-0.019501452273791416
Wynoochee winter steelhead 2024-25,2025,bank,unguided,216,217,0.9953917050691244,0.9758902527953329,0.01950145227379152
Wynoochee winter steelhead 2024-25,2025,boat,guided,50,215,0.23255813953488372,0.27086687401571347,-0.03830873448082975
Wynoochee winter steelhead 2024-25,2025,boat,unguided,165,215,0.7674418604651163,0.7291331259842865,0.03830873448082983
Wynoochee winter steelhead 2025-26,2025,bank,guided,0,50,0,NA,NA
Wynoochee winter steelhead 2025-26,2025,bank,unguided,50,50,1,1,0
Wynoochee winter steelhead 2025-26,2025,boat,guided,3,34,0.08823529411764706,0.1285303826873701,-0.04029508856972304
Wynoochee winter steelhead 2025-26,2025,boat,unguided,31,34,0.9117647058823529,0.87146961731263,0.04029508856972297
Wynoochee winter steelhead 2025-26,2026,bank,guided,1,153,0.006535947712418301,0.026151030629936428,-0.019615082917518126
Wynoochee winter steelhead 2025-26,2026,bank,unguided,152,153,0.9934640522875817,0.9738489693700635,0.019615082917518234
Wynoochee winter steelhead 2025-26,2026,boat,guided,53,190,0.2789473684210526,0.36756666039434266,-0.08861929197329005
Wynoochee winter steelhead 2025-26,2026,boat,unguided,137,190,0.7210526315789474,0.6324333396056573,0.0886192919732901
