fishery_name,crc_area,angler_final,n_months,mean_of_months,sd_of_months,min_month,max_month,cv_across_months,pe_period
Cascade fall salmon 2022,826,bank,3,4.567673533950617,0.1122958445057228,4.467901851851852,4.689285,0.024584910386228332,week
Cascade fall salmon 2023,826,bank,3,4.34824396969697,1.6128267763041508,2.596666,5.77193,0.3709145088325274,week
Cascade fall salmon 2024,826,bank,3,5.053611984126984,0.2369026066559458,4.8275,5.300001666666667,0.0468778781196576,week
Chehalis salmon 2022,317,bank,4,2.801277032142857,0.5013521228234838,2.2159992,3.4379175,0.17897270318886344,week
Chehalis salmon 2022,317,boat,4,4.733178949986444,0.5574733815984321,3.984998,5.32994796875,0.11777990806792309,week
Chehalis salmon 2024,315,bank,2,2.634551346153846,0.9835129182033426,1.9391026923076924,3.33,0.3733132472969877,week
Chehalis salmon 2024,315,boat,2,4.04826375,0.7419724487999031,3.52361,4.5729175,0.18328164729877175,week
Chehalis salmon 2024,317,bank,4,2.5654275674127582,1.2910034231946985,0.7000000000000001,3.4719389795918367,0.5032312896273581,week
Chehalis salmon 2024,317,boat,4,5.159354428413372,0.3867436920939149,4.650280336134454,5.5575754545454545,0.07495970619193303,week
Chehalis salmon 2024,NA,boat,3,4.332858009615384,0.6339410853963443,3.859616153846154,5.0531243749999994,0.14631014540276097,week
Chehalis salmon 2025,315,bank,3,2.4690388666666667,0.705196843981773,2.0616666,3.28333,0.2856159348086027,week
Chehalis salmon 2025,315,boat,3,4.0770163461538464,0.18085183436431151,3.9015625,4.262821538461538,0.04435886908692984,week
Chehalis salmon 2025,317,bank,4,4.060836543822348,2.3432653180693697,2.732963333333333,7.56667,0.5770400489608778,week
Chehalis salmon 2025,317,boat,4,5.007342897275933,0.31632000438432645,4.786781724137931,5.476923076923077,0.06317122890793221,week
Chehalis salmon 2025,NA,bank,2,4.6527775,0.16106124708476544,4.53889,4.766665,0.03461615069380933,week
Chehalis salmon 2025,NA,boat,3,4.415129397306397,0.17782400043849028,4.250758636363637,4.603889,0.04027605635906798,week
Drano Lake salmon and steelhead 2022,618,bank,4,3.5151481875,0.4999400474401645,2.86667,4.006666,0.14222445847886875,week
Drano Lake salmon and steelhead 2022,618,boat,4,5.060974040608466,1.1742111563313002,3.7292218,6.197530648148148,0.23201287872840548,week
Drano Lake salmon and steelhead 2023,618,bank,3,3.4660491111111114,0.5150031815911791,3.133334,4.05926,0.14858507917277736,week
Drano Lake salmon and steelhead 2023,618,boat,4,5.317291820106272,0.6269059211627874,4.3972914375,5.803472083333333,0.11789947634475666,week
Drano Lake salmon and steelhead 2024,618,bank,4,4.4149876751207735,0.7786748217377447,3.720833333333333,5.520368888888889,0.17637078040460075,week
Drano Lake salmon and steelhead 2024,618,boat,4,5.24132935254244,0.23696629217793289,4.948197837837838,5.5225293969849245,0.04521110509168563,week
Drano Lake salmon and steelhead 2025,618,bank,4,3.471416259018759,2.207055119258425,1.05,6.147618571428572,0.6357794498209436,week
Drano Lake salmon and steelhead 2025,618,boat,4,5.047804508160196,0.6036581853163117,4.332876849315069,5.804283177570094,0.11958826542122382,week
Hoh fall salmon 2023,348,boat,1,7.71667,NA,7.71667,7.71667,NA,week
Hoh fall salmon 2023,350,bank,1,4.304166666666666,NA,4.304166666666666,4.304166666666666,NA,week
Hoh fall salmon 2023,350,boat,1,7.6199995000000005,NA,7.6199995000000005,7.6199995000000005,NA,week
Hoh fall salmon 2025,348,bank,2,4.2816675,0.3511951894780167,4.033335,4.53,0.08202299442402211,week
Hoh fall salmon 2025,348,boat,3,6.370673474747475,1.4111189667354287,5.540909090909091,8,0.22150232190190278,week
Hoh fall salmon 2025,350,bank,3,3.3667345163170164,0.4915405931764054,2.8208325,3.7742418181818183,0.14599921401409402,week
Hoh fall salmon 2025,350,boat,3,6.1385176,2.009967737480699,3.82222,7.4233328,0.32743536281148705,week
Humptulips salmon 2022,358,bank,4,3.931238098112713,0.21908180717317924,3.720339406779661,4.182905897435897,0.055728450352156185,week
Humptulips salmon 2022,358,boat,4,7.603638328174384,0.5774495833741023,6.801622477876106,8.16761942857143,0.07594385193656977,week
Humptulips salmon 2023,358,bank,3,3.434293022965039,0.428146510863656,2.980757363636364,3.831467686567164,0.12466801988084594,week
Humptulips salmon 2023,358,boat,3,7.1301075574489055,0.4579216431606918,6.744642678571428,7.636296296296297,0.06422366555779313,week
Humptulips salmon 2024,358,bank,4,3.406032015730866,0.19989829435054904,3.233333488372093,3.6926618656716417,0.058689493647538386,week
Humptulips salmon 2024,358,boat,4,6.645350228009259,0.11311654381040274,6.533950833333333,6.7817710416666666,0.017021908541950386,week
Humptulips salmon 2025,358,bank,4,3.4748318009611974,0.20858422820840625,3.2760710714285715,3.768764195804196,0.06002714380325065,week
Humptulips salmon 2025,358,boat,4,6.293475355804902,0.6650406206877008,5.435238285714286,7.017283827160494,0.10567144273859568,week
Lower Chehalis salmon 2023,317,bank,3,2.77652532325275,0.39444448996850245,2.323105909090909,3.0405791304347827,0.14206407075243369,week
Lower Chehalis salmon 2023,317,boat,3,4.8319822847796505,0.11549125823034627,4.699999583333334,4.9145161751152076,0.023901424182397005,week
Lower Chehalis salmon 2023,NA,boat,3,4.175833444444445,0.7011665427671298,3.6166675,4.962500833333333,0.1679105625488886,week
Nisqually salmon 2022,786,bank,5,3.034175919653689,0.6499653833538847,2.233334,3.9417674204171242,0.2142147985368197,week
Nisqually salmon 2022,786,boat,4,6.764065787297528,1.183292964650848,5.525,8.363725294117648,0.17493812181321397,week
Nisqually salmon 2023,786,bank,5,2.7159413342731864,0.6541210632240715,2.007123870967742,3.505280174471993,0.24084506354004917,week
Nisqually salmon 2023,786,boat,4,6.564908130952381,1.3876347496131585,5.191665,7.914,0.21137154122092067,week
Nooksack fall salmon 2023,794,bank,1,2.236275294117647,NA,2.236275294117647,2.236275294117647,NA,week
Nooksack fall salmon 2023,794,boat,1,4.591665,NA,4.591665,4.591665,NA,week
Nooksack fall salmon 2024,794,bank,1,2.934999,NA,2.934999,2.934999,NA,week
Nooksack fall salmon 2024,794,boat,1,4.725,NA,4.725,4.725,NA,week
Puyallup Carbon salmon 2024,802,bank,2,3.1071830033721843,0.2542381862597802,2.9274094578313252,3.2869565489130435,0.08182272688279346,week
Puyallup Carbon salmon 2024,804,bank,3,3.079474371573898,0.40741026176766043,2.6395835416666666,3.4438329601518025,0.13229863691297286,week
Puyallup Carbon salmon 2025,802,bank,2,3.0610553326996195,0.5161742786388704,2.696065,3.4260456653992395,0.16862624896873188,week
Puyallup Carbon salmon 2025,804,bank,3,2.851085828222896,0.5190930706637064,2.2740993243243244,3.2801939682539683,0.18206855280370887,week
Puyallup_Carbon salmon 2022,802,bank,1,3.5057792879256966,NA,3.5057792879256966,3.5057792879256966,NA,week
Puyallup_Carbon salmon 2022,804,bank,2,3.4475618775690373,0.1427134608979588,3.3466482216014897,3.5484755335365854,0.041395474821351044,week
Puyallup_Carbon salmon 2023,802,bank,2,2.916267910412758,0.3486781248181437,2.669715243902439,3.162820576923077,0.11956313189647691,week
Puyallup_Carbon salmon 2023,804,bank,3,2.8797157779596962,0.728020925366452,2.1110275939849625,3.5587687511071744,0.2528099928952923,week
Quillayute fall salmon 2022,398,bank,3,4.649503988095238,0.605263154830593,4.03958375,5.25,0.1301780053055834,week
Quillayute fall salmon 2022,398,boat,2,6.6761361948676825,0.34666374925666105,6.4310079069767445,6.9212644827586205,0.05192580545662936,week
Quillayute fall salmon 2022,400,bank,2,5.726136666666667,1.1769038125616822,4.89394,6.558333333333334,0.20553191114224462,week
Quillayute fall salmon 2022,400,boat,1,4.0333325,NA,4.0333325,4.0333325,NA,week
Quillayute fall salmon 2022,402,boat,1,6.008335,NA,6.008335,6.008335,NA,week
Quillayute fall salmon 2022,404,bank,4,4.238492619047619,1.6871382393917558,2,5.992857142857143,0.39805147514232364,week
Quillayute fall salmon 2022,404,boat,4,4.893748641304348,1.960811764362889,2,6.299999565217392,0.40067684470207426,week
Quillayute fall salmon 2022,406,bank,2,2.6704839583333335,1.8910212628558687,1.33333,4.007637916666667,0.7081193118404154,week
Quillayute fall salmon 2022,406,boat,2,6.08775921875,0.5719492861762056,5.68333,6.4921884375,0.09395070757966738,week
Quillayute fall salmon 2023,398,bank,2,4.155555166666667,1.453495936792872,3.1277783333333335,5.183332,0.34977178222826427,week
Quillayute fall salmon 2023,398,boat,2,6.505311549707602,0.47629674863754634,6.168518888888888,6.8421042105263155,0.07321659308676073,week
Quillayute fall salmon 2023,400,bank,2,2.2555566666666667,0.6128258770283413,1.8222233333333333,2.6888900000000002,0.2716960677977534,week
Quillayute fall salmon 2023,404,bank,2,3.840364375,2.113587247023891,2.3458325,5.33489625,0.5503611221848945,week
Quillayute fall salmon 2023,404,boat,3,5.519969009009009,2.739745462881785,2.4,7.53333,0.49633348636746183,week
Quillayute fall salmon 2023,406,bank,2,3.7602945294117647,0.5920287296768592,3.341667,4.178922058823529,0.15744211658055204,week
Quillayute fall salmon 2023,406,boat,2,5.640475857142857,0.17845981146636972,5.514285714285714,5.766666,0.03163914109132758,week
Quillayute fall salmon 2024,398,bank,3,3.307265261984392,1.1736453050946072,2.0974361538461537,4.4410261538461535,0.35486881520667873,week
Quillayute fall salmon 2024,398,boat,3,6.0599879411764705,0.3117162082396828,5.737255294117647,6.359375,0.051438420548930504,week
Quillayute fall salmon 2024,400,bank,3,3.2827796666666664,0.8652802922038232,2.620002,4.261667,0.26358159245040913,week
Quillayute fall salmon 2024,402,bank,2,1.2555566666666667,1.0449435450566484,0.51667,1.9944433333333333,0.8322551843325657,week
Quillayute fall salmon 2024,402,boat,1,7.074999999999999,NA,7.074999999999999,7.074999999999999,NA,week
Quillayute fall salmon 2024,404,bank,2,4.091030371980676,0.8007505582230816,3.524814222222222,4.657246521739131,0.19573322254153724,week
Quillayute fall salmon 2024,404,boat,3,5.066353401626016,0.6568800966261583,4.31667,5.541057804878049,0.1296554039075396,week
Quillayute fall salmon 2024,406,bank,3,2.483994486772487,0.16901485719788312,2.305555555555556,2.641666,0.06804155890759973,week
Quillayute fall salmon 2024,406,boat,3,6.136500630743526,0.6403275700581946,5.491665,6.772222857142857,0.10434734852795244,week
Quillayute fall salmon 2025,398,bank,3,4.4521613888888885,1.1793420446700864,3.4083325,5.731481666666666,0.2648920247171028,week
Quillayute fall salmon 2025,398,boat,3,6.319950101010101,0.41163810708782633,5.941666666666666,6.758335,0.06513312613370718,week
Quillayute fall salmon 2025,400,bank,2,6.394230769230769,0.27468378807631233,6.2,6.588461538461538,0.04295806610516764,week
Quillayute fall salmon 2025,400,boat,2,6.283333333333333,0.683536555146996,5.8,6.766666666666667,0.10878565864408424,week
Quillayute fall salmon 2025,402,bank,2,1.3472233333333332,1.174579788274182,0.51667,2.1777766666666665,0.871852319665521,week
Quillayute fall salmon 2025,402,boat,1,1.5,NA,1.5,1.5,NA,week
Quillayute fall salmon 2025,404,bank,3,3.3373266911764707,1.4205967951443468,2,4.82864625,0.4256690838509309,week
Quillayute fall salmon 2025,404,boat,3,4.455551993939394,1.9741684069571999,2.25,6.057323181818182,0.44308054527082985,week
Quillayute fall salmon 2025,406,bank,3,3.320227409090909,1.3754154986249618,1.7458325000000001,4.2883345,0.41425340169743247,week
Quillayute fall salmon 2025,406,boat,3,6.3445778352490425,0.3633114934386647,6.044443333333334,6.748485,0.05726330464734596,week
Satsop salmon 2022,329,bank,3,3.6348726056460596,0.8596977520240245,2.6469294736842106,4.212847152777778,0.23651386040012878,week
Satsop salmon 2022,329,boat,3,6.191054500661376,0.37169948359269944,5.855555,6.590624375,0.060038154009626574,week
Satsop salmon 2023,329,bank,2,3.4336894902617163,0.8866111204487801,2.806760754716981,4.060618225806452,0.2582094633085773,week
Satsop salmon 2023,329,boat,2,5.956223410199557,0.7977606362472167,5.392121454545455,6.520325365853658,0.1339373259372903,week
Satsop salmon 2024,329,bank,3,3.5541409643230333,0.9419699239125036,2.6291667857142857,4.51223315270936,0.2650344860736054,week
Satsop salmon 2024,329,boat,3,5.997112464069779,0.5785299916670427,5.37193,6.513559322033898,0.09646809112438069,week
Satsop salmon 2025,329,bank,3,3.018086174355316,0.7674985894915388,2.169791875,3.6643856842105262,0.25429975989849984,week
Satsop salmon 2025,329,boat,3,5.882557083333333,0.5277519650801944,5.333334166666667,6.38583375,0.08971472058901728,week
Skagit fall salmon 2022,830,bank,3,2.75614178705732,0.3320865397316224,2.422222,3.0863642045454545,0.1204896429099117,week
Skagit fall salmon 2022,830,boat,3,5.1972530694987045,0.34704205667850163,4.985605909090909,5.59776682382134,0.06677413087986789,week
Skagit fall salmon 2023,830,bank,4,2.710174812945591,0.2924575247518572,2.4670633333333334,3.1226664,0.107910944841966,week
Skagit fall salmon 2023,830,boat,4,4.382991181389517,0.33743261512442496,3.8889187567567567,4.650047873563218,0.0769868341413022,week
Skagit fall salmon 2024,830,bank,3,2.8054669564081824,0.3680741171926052,2.528086111111111,3.2230363057324842,0.13119887808760636,week
Skagit fall salmon 2024,830,boat,3,4.940956625993482,0.42241091675751136,4.671371674641148,5.427777435897436,0.0854917273580755,week
Skagit fall salmon 2025,826,bank,3,3.879309525252525,1.2867476543100806,2.5111116666666664,5.065150909090909,0.3316950209654434,week
Skagit fall salmon 2025,830,bank,4,3.1128756933070845,0.24587077730411946,2.8666657142857144,3.450854700854701,0.07898509337612164,week
Skagit fall salmon 2025,830,boat,4,4.846410424721734,0.6320237923757294,4.099249099099099,5.6434339393939394,0.13041070338404495,week
Snohomish fall salmon 2022,850,bank,2,2.2666666666666666,0.3771236166328253,2,2.533333333333333,0.16637806616154058,week
Snohomish fall salmon 2022,850,boat,2,3.3041662499999997,0.47729884506787235,2.966665,3.6416674999999996,0.14445364093525026,week
Snohomish fall salmon 2022,852,bank,2,3.118750625,0.16793874441528167,3,3.23750125,0.0538480836104944,week
Snohomish fall salmon 2022,852,boat,2,3.3443193181818183,0.4044429013987502,3.0583349999999996,3.6303036363636365,0.12093429571750067,week
Snohomish fall salmon 2023,844,bank,2,2.963491167945439,0.0024418633613161453,2.9617645098039214,2.9652178260869566,8.239819938485142e-4,week
Snohomish fall salmon 2023,844,boat,2,6.1685901098901095,1.4822047544337318,5.120513076923077,7.216667142857143,0.24028258127530808,week
Snohomish fall salmon 2023,850,bank,2,3.0511257681664103,0.13438433364517857,2.9561016945606693,3.146149841772152,0.0440441803636097,week
Snohomish fall salmon 2023,850,boat,2,4.4662247051645725,0.05231284476483351,4.429233937888199,4.503215472440945,0.01171298987808225,week
Snohomish fall salmon 2024,844,bank,1,2.4214716216216217,NA,2.4214716216216217,2.4214716216216217,NA,week
Snohomish fall salmon 2024,844,boat,1,5.8796302222222225,NA,5.8796302222222225,5.8796302222222225,NA,week
Snohomish fall salmon 2024,850,bank,3,1.9836823423185344,0.8996716481174944,0.9458300000000001,2.542054186046512,0.45353614786224056,week
Snohomish fall salmon 2024,850,boat,3,4.438057553651971,0.23939204054838192,4.172557629310345,4.637447531645569,0.053940724664868746,week
Snohomish fall salmon 2024,852,bank,1,2.0108187719298245,NA,2.0108187719298245,2.0108187719298245,NA,week
Snohomish fall salmon 2024,852,boat,1,3.619565217391304,NA,3.619565217391304,3.619565217391304,NA,week
Snohomish fall salmon 2025,844,bank,2,2.411992023809524,0.15139678097352005,2.3049383333333333,2.5190457142857143,0.06276835888304576,week
Snohomish fall salmon 2025,844,boat,2,3.294791458333333,1.8075414147802864,2.0166666666666666,4.57291625,0.5486057122700656,week
Snohomish fall salmon 2025,850,bank,4,2.665506790766157,0.35099614564232334,2.333333076923077,2.986386089108911,0.13168082964869698,week
Snohomish fall salmon 2025,850,boat,3,4.458642534591294,0.37981203599538643,4.038406086956522,4.777426202531646,0.08518557678681507,week
Stillaguamish salmon and gamefish 2022-23,872,bank,2,2.868686856060606,0.2542723308242541,2.6888891666666668,3.0484845454545453,0.08863718613520297,week
Stillaguamish salmon and gamefish 2022-23,872,boat,1,9.6,NA,9.6,9.6,NA,week
Stillaguamish salmon and gamefish 2022-23,874,bank,2,1.9083316666666668,0.8131704413419257,1.3333333333333333,2.48333,0.42611588726728616,week
Stillaguamish salmon and gamefish 2022-23,876,bank,2,2.0281776885116463,1.046437401417146,1.288234705882353,2.7681206711409394,0.5159495676067029,week
Stillaguamish salmon and gamefish 2022-23,876,boat,1,3.17291625,NA,3.17291625,3.17291625,NA,week
Stillaguamish salmon and gamefish 2023-24,872,bank,1,3.2893936363636365,NA,3.2893936363636365,3.2893936363636365,NA,week
Stillaguamish salmon and gamefish 2023-24,872,boat,1,8.41667,NA,8.41667,8.41667,NA,week
Stillaguamish salmon and gamefish 2023-24,876,bank,1,3.100000272727273,NA,3.100000272727273,3.100000272727273,NA,week
Stillaguamish salmon and gamefish 2023-24,876,boat,1,4.068628235294118,NA,4.068628235294118,4.068628235294118,NA,week
Stillaguamish salmon and gamefish 2024-25,872,bank,3,2.794254598166504,0.36354412401243813,2.453846153846154,3.1771931578947368,0.13010415165854378,week
Stillaguamish salmon and gamefish 2024-25,872,boat,2,7.009720833333333,1.105836045518528,6.227776666666666,7.791665,0.157757501591211,week
Stillaguamish salmon and gamefish 2024-25,874,bank,2,2.275000729166667,0.09428222998342084,2.2083331250000002,2.3416683333333332,0.04144272517132618,week
Stillaguamish salmon and gamefish 2024-25,876,bank,3,2.214211697885261,0.631511705275177,1.5,2.698727404580153,0.28520836823250384,week
Stillaguamish salmon and gamefish 2024-25,876,boat,2,4.481667,0.6151871422729834,4.046664,4.91667,0.1372674815583093,week
Stillaguamish salmon and gamefish 2025-26,872,bank,2,3.4263921618625277,0.09374998873632609,3.3601009090909093,3.4926834146341466,0.02736113798642512,week
Stillaguamish salmon and gamefish 2025-26,872,boat,2,7.611111666666666,1.8070514487064897,6.333333333333333,8.88889,0.2374228007480935,week
Stillaguamish salmon and gamefish 2025-26,876,bank,2,3.0865971237705887,0.3324117143727769,2.8515465463917526,3.321647701149425,0.10769520641770784,week
Stillaguamish salmon and gamefish 2025-26,876,boat,2,3.8590275,0.11097687377332263,3.780555,3.9375,0.02875773074260876,week
Upper Chehalis salmon 2023,315,bank,1,5.4541675,NA,5.4541675,5.4541675,NA,week
Upper Chehalis salmon 2023,315,boat,2,3.766790147058823,0.005720285887216528,3.762745294117647,3.770835,0.0015186101863633229,week
Upper Chehalis salmon 2023,317,bank,2,2.584258055555556,0.6822264434162973,2.1018511111111113,3.066665,0.2639931573202098,week
Upper Chehalis salmon 2023,317,boat,2,4.944003997619047,0.48789788411028745,4.599008095238095,5.2889999,0.09868476731516625,week
Wallace salmon and gamefish 2022-23,860,bank,5,2.782361158208457,0.40907031270997096,2.353332,3.224267531380753,0.14702272259053836,week
Wallace salmon and gamefish 2023-24,860,bank,2,2.698721948757764,0.6017961275335921,2.2731878260869567,3.1242560714285714,0.2229930088983795,week
Wallace salmon and gamefish 2024-25,860,bank,2,2.873859272869023,0.48380582689798596,2.531756891891892,3.2159616538461537,0.16834708347253008,week
Cascade fall salmon 2022,826,bank,3,4.567673533950617,0.1122958445057228,4.467901851851852,4.689285,0.024584910386228332,month
Cascade fall salmon 2023,826,bank,3,4.34824396969697,1.6128267763041508,2.596666,5.77193,0.3709145088325274,month
Cascade fall salmon 2024,826,bank,3,5.053611984126984,0.2369026066559458,4.8275,5.300001666666667,0.0468778781196576,month
Chehalis salmon 2022,317,bank,4,2.801277032142857,0.5013521228234838,2.2159992,3.4379175,0.17897270318886344,month
Chehalis salmon 2022,317,boat,4,4.733178949986444,0.5574733815984321,3.984998,5.32994796875,0.11777990806792309,month
Chehalis salmon 2024,315,bank,2,2.634551346153846,0.9835129182033426,1.9391026923076924,3.33,0.3733132472969877,month
Chehalis salmon 2024,315,boat,2,4.04826375,0.7419724487999031,3.52361,4.5729175,0.18328164729877175,month
Chehalis salmon 2024,317,bank,4,2.5654275674127582,1.2910034231946985,0.7000000000000001,3.4719389795918367,0.5032312896273581,month
Chehalis salmon 2024,317,boat,4,5.159354428413372,0.3867436920939149,4.650280336134454,5.5575754545454545,0.07495970619193303,month
Chehalis salmon 2024,NA,boat,3,4.332858009615384,0.6339410853963443,3.859616153846154,5.0531243749999994,0.14631014540276097,month
Chehalis salmon 2025,315,bank,3,2.4690388666666667,0.705196843981773,2.0616666,3.28333,0.2856159348086027,month
Chehalis salmon 2025,315,boat,3,4.0770163461538464,0.18085183436431151,3.9015625,4.262821538461538,0.04435886908692984,month
Chehalis salmon 2025,317,bank,4,4.060836543822348,2.3432653180693697,2.732963333333333,7.56667,0.5770400489608778,month
Chehalis salmon 2025,317,boat,4,5.007342897275933,0.31632000438432645,4.786781724137931,5.476923076923077,0.06317122890793221,month
Chehalis salmon 2025,NA,bank,2,4.6527775,0.16106124708476544,4.53889,4.766665,0.03461615069380933,month
Chehalis salmon 2025,NA,boat,3,4.415129397306397,0.17782400043849028,4.250758636363637,4.603889,0.04027605635906798,month
Drano Lake salmon and steelhead 2022,618,bank,4,3.5151481875,0.4999400474401645,2.86667,4.006666,0.14222445847886875,month
Drano Lake salmon and steelhead 2022,618,boat,4,5.060974040608466,1.1742111563313002,3.7292218,6.197530648148148,0.23201287872840548,month
Drano Lake salmon and steelhead 2023,618,bank,3,3.4660491111111114,0.5150031815911791,3.133334,4.05926,0.14858507917277736,month
Drano Lake salmon and steelhead 2023,618,boat,4,5.317291820106272,0.6269059211627874,4.3972914375,5.803472083333333,0.11789947634475666,month
Drano Lake salmon and steelhead 2024,618,bank,4,4.4149876751207735,0.7786748217377447,3.720833333333333,5.520368888888889,0.17637078040460075,month
Drano Lake salmon and steelhead 2024,618,boat,4,5.24132935254244,0.23696629217793289,4.948197837837838,5.5225293969849245,0.04521110509168563,month
Drano Lake salmon and steelhead 2025,618,bank,4,3.471416259018759,2.207055119258425,1.05,6.147618571428572,0.6357794498209436,month
Drano Lake salmon and steelhead 2025,618,boat,4,5.047804508160196,0.6036581853163117,4.332876849315069,5.804283177570094,0.11958826542122382,month
Hoh fall salmon 2023,348,boat,1,7.71667,NA,7.71667,7.71667,NA,month
Hoh fall salmon 2023,350,bank,1,4.304166666666666,NA,4.304166666666666,4.304166666666666,NA,month
Hoh fall salmon 2023,350,boat,1,7.6199995000000005,NA,7.6199995000000005,7.6199995000000005,NA,month
Hoh fall salmon 2025,348,bank,2,4.2816675,0.3511951894780167,4.033335,4.53,0.08202299442402211,month
Hoh fall salmon 2025,348,boat,3,6.370673474747475,1.4111189667354287,5.540909090909091,8,0.22150232190190278,month
Hoh fall salmon 2025,350,bank,3,3.3667345163170164,0.4915405931764054,2.8208325,3.7742418181818183,0.14599921401409402,month
Hoh fall salmon 2025,350,boat,3,6.1385176,2.009967737480699,3.82222,7.4233328,0.32743536281148705,month
Humptulips salmon 2022,358,bank,4,3.931238098112713,0.21908180717317924,3.720339406779661,4.182905897435897,0.055728450352156185,month
Humptulips salmon 2022,358,boat,4,7.603638328174384,0.5774495833741023,6.801622477876106,8.16761942857143,0.07594385193656977,month
Humptulips salmon 2023,358,bank,3,3.434293022965039,0.428146510863656,2.980757363636364,3.831467686567164,0.12466801988084594,month
Humptulips salmon 2023,358,boat,3,7.1301075574489055,0.4579216431606918,6.744642678571428,7.636296296296297,0.06422366555779313,month
Humptulips salmon 2024,358,bank,4,3.406032015730866,0.19989829435054904,3.233333488372093,3.6926618656716417,0.058689493647538386,month
Humptulips salmon 2024,358,boat,4,6.645350228009259,0.11311654381040274,6.533950833333333,6.7817710416666666,0.017021908541950386,month
Humptulips salmon 2025,358,bank,4,3.4748318009611974,0.20858422820840625,3.2760710714285715,3.768764195804196,0.06002714380325065,month
Humptulips salmon 2025,358,boat,4,6.293475355804902,0.6650406206877008,5.435238285714286,7.017283827160494,0.10567144273859568,month
Lower Chehalis salmon 2023,317,bank,3,2.77652532325275,0.39444448996850245,2.323105909090909,3.0405791304347827,0.14206407075243369,month
Lower Chehalis salmon 2023,317,boat,3,4.8319822847796505,0.11549125823034627,4.699999583333334,4.9145161751152076,0.023901424182397005,month
Lower Chehalis salmon 2023,NA,boat,3,4.175833444444445,0.7011665427671298,3.6166675,4.962500833333333,0.1679105625488886,month
Nisqually salmon 2022,786,bank,5,3.034175919653689,0.6499653833538847,2.233334,3.9417674204171242,0.2142147985368197,month
Nisqually salmon 2022,786,boat,4,6.764065787297528,1.183292964650848,5.525,8.363725294117648,0.17493812181321397,month
Nisqually salmon 2023,786,bank,5,2.7159413342731864,0.6541210632240715,2.007123870967742,3.505280174471993,0.24084506354004917,month
Nisqually salmon 2023,786,boat,4,6.564908130952381,1.3876347496131585,5.191665,7.914,0.21137154122092067,month
Nooksack fall salmon 2023,794,bank,1,2.236275294117647,NA,2.236275294117647,2.236275294117647,NA,month
Nooksack fall salmon 2023,794,boat,1,4.591665,NA,4.591665,4.591665,NA,month
Nooksack fall salmon 2024,794,bank,1,2.934999,NA,2.934999,2.934999,NA,month
Nooksack fall salmon 2024,794,boat,1,4.725,NA,4.725,4.725,NA,month
Puyallup Carbon salmon 2024,802,bank,2,3.1071830033721843,0.2542381862597802,2.9274094578313252,3.2869565489130435,0.08182272688279346,month
Puyallup Carbon salmon 2024,804,bank,3,3.079474371573898,0.40741026176766043,2.6395835416666666,3.4438329601518025,0.13229863691297286,month
Puyallup Carbon salmon 2025,802,bank,2,3.0610553326996195,0.5161742786388704,2.696065,3.4260456653992395,0.16862624896873188,month
Puyallup Carbon salmon 2025,804,bank,3,2.851085828222896,0.5190930706637064,2.2740993243243244,3.2801939682539683,0.18206855280370887,month
Puyallup_Carbon salmon 2022,802,bank,1,3.5057792879256966,NA,3.5057792879256966,3.5057792879256966,NA,month
Puyallup_Carbon salmon 2022,804,bank,2,3.4475618775690373,0.1427134608979588,3.3466482216014897,3.5484755335365854,0.041395474821351044,month
Puyallup_Carbon salmon 2023,802,bank,2,2.916267910412758,0.3486781248181437,2.669715243902439,3.162820576923077,0.11956313189647691,month
Puyallup_Carbon salmon 2023,804,bank,3,2.8797157779596962,0.728020925366452,2.1110275939849625,3.5587687511071744,0.2528099928952923,month
Quillayute fall salmon 2022,398,bank,3,4.649503988095238,0.605263154830593,4.03958375,5.25,0.1301780053055834,month
Quillayute fall salmon 2022,398,boat,2,6.6761361948676825,0.34666374925666105,6.4310079069767445,6.9212644827586205,0.05192580545662936,month
Quillayute fall salmon 2022,400,bank,2,5.726136666666667,1.1769038125616822,4.89394,6.558333333333334,0.20553191114224462,month
Quillayute fall salmon 2022,400,boat,1,4.0333325,NA,4.0333325,4.0333325,NA,month
Quillayute fall salmon 2022,402,boat,1,6.008335,NA,6.008335,6.008335,NA,month
Quillayute fall salmon 2022,404,bank,4,4.238492619047619,1.6871382393917558,2,5.992857142857143,0.39805147514232364,month
Quillayute fall salmon 2022,404,boat,4,4.893748641304348,1.960811764362889,2,6.299999565217392,0.40067684470207426,month
Quillayute fall salmon 2022,406,bank,2,2.6704839583333335,1.8910212628558687,1.33333,4.007637916666667,0.7081193118404154,month
Quillayute fall salmon 2022,406,boat,2,6.08775921875,0.5719492861762056,5.68333,6.4921884375,0.09395070757966738,month
Quillayute fall salmon 2023,398,bank,2,4.155555166666667,1.453495936792872,3.1277783333333335,5.183332,0.34977178222826427,month
Quillayute fall salmon 2023,398,boat,2,6.505311549707602,0.47629674863754634,6.168518888888888,6.8421042105263155,0.07321659308676073,month
Quillayute fall salmon 2023,400,bank,2,2.2555566666666667,0.6128258770283413,1.8222233333333333,2.6888900000000002,0.2716960677977534,month
Quillayute fall salmon 2023,404,bank,2,3.840364375,2.113587247023891,2.3458325,5.33489625,0.5503611221848945,month
Quillayute fall salmon 2023,404,boat,3,5.519969009009009,2.739745462881785,2.4,7.53333,0.49633348636746183,month
Quillayute fall salmon 2023,406,bank,2,3.7602945294117647,0.5920287296768592,3.341667,4.178922058823529,0.15744211658055204,month
Quillayute fall salmon 2023,406,boat,2,5.640475857142857,0.17845981146636972,5.514285714285714,5.766666,0.03163914109132758,month
Quillayute fall salmon 2024,398,bank,3,3.307265261984392,1.1736453050946072,2.0974361538461537,4.4410261538461535,0.35486881520667873,month
Quillayute fall salmon 2024,398,boat,3,6.0599879411764705,0.3117162082396828,5.737255294117647,6.359375,0.051438420548930504,month
Quillayute fall salmon 2024,400,bank,3,3.2827796666666664,0.8652802922038232,2.620002,4.261667,0.26358159245040913,month
Quillayute fall salmon 2024,402,bank,2,1.2555566666666667,1.0449435450566484,0.51667,1.9944433333333333,0.8322551843325657,month
Quillayute fall salmon 2024,402,boat,1,7.074999999999999,NA,7.074999999999999,7.074999999999999,NA,month
Quillayute fall salmon 2024,404,bank,2,4.091030371980676,0.8007505582230816,3.524814222222222,4.657246521739131,0.19573322254153724,month
Quillayute fall salmon 2024,404,boat,3,5.066353401626016,0.6568800966261583,4.31667,5.541057804878049,0.1296554039075396,month
Quillayute fall salmon 2024,406,bank,3,2.483994486772487,0.16901485719788312,2.305555555555556,2.641666,0.06804155890759973,month
Quillayute fall salmon 2024,406,boat,3,6.136500630743526,0.6403275700581946,5.491665,6.772222857142857,0.10434734852795244,month
Quillayute fall salmon 2025,398,bank,3,4.4521613888888885,1.1793420446700864,3.4083325,5.731481666666666,0.2648920247171028,month
Quillayute fall salmon 2025,398,boat,3,6.319950101010101,0.41163810708782633,5.941666666666666,6.758335,0.06513312613370718,month
Quillayute fall salmon 2025,400,bank,2,6.394230769230769,0.27468378807631233,6.2,6.588461538461538,0.04295806610516764,month
Quillayute fall salmon 2025,400,boat,2,6.283333333333333,0.683536555146996,5.8,6.766666666666667,0.10878565864408424,month
Quillayute fall salmon 2025,402,bank,2,1.3472233333333332,1.174579788274182,0.51667,2.1777766666666665,0.871852319665521,month
Quillayute fall salmon 2025,402,boat,1,1.5,NA,1.5,1.5,NA,month
Quillayute fall salmon 2025,404,bank,3,3.3373266911764707,1.4205967951443468,2,4.82864625,0.4256690838509309,month
Quillayute fall salmon 2025,404,boat,3,4.455551993939394,1.9741684069571999,2.25,6.057323181818182,0.44308054527082985,month
Quillayute fall salmon 2025,406,bank,3,3.320227409090909,1.3754154986249618,1.7458325000000001,4.2883345,0.41425340169743247,month
Quillayute fall salmon 2025,406,boat,3,6.3445778352490425,0.3633114934386647,6.044443333333334,6.748485,0.05726330464734596,month
Satsop salmon 2022,329,bank,3,3.6348726056460596,0.8596977520240245,2.6469294736842106,4.212847152777778,0.23651386040012878,month
Satsop salmon 2022,329,boat,3,6.191054500661376,0.37169948359269944,5.855555,6.590624375,0.060038154009626574,month
Satsop salmon 2023,329,bank,2,3.4336894902617163,0.8866111204487801,2.806760754716981,4.060618225806452,0.2582094633085773,month
Satsop salmon 2023,329,boat,2,5.956223410199557,0.7977606362472167,5.392121454545455,6.520325365853658,0.1339373259372903,month
Satsop salmon 2024,329,bank,3,3.5541409643230333,0.9419699239125036,2.6291667857142857,4.51223315270936,0.2650344860736054,month
Satsop salmon 2024,329,boat,3,5.997112464069779,0.5785299916670427,5.37193,6.513559322033898,0.09646809112438069,month
Satsop salmon 2025,329,bank,3,3.018086174355316,0.7674985894915388,2.169791875,3.6643856842105262,0.25429975989849984,month
Satsop salmon 2025,329,boat,3,5.882557083333333,0.5277519650801944,5.333334166666667,6.38583375,0.08971472058901728,month
Skagit fall salmon 2022,830,bank,3,2.75614178705732,0.3320865397316224,2.422222,3.0863642045454545,0.1204896429099117,month
Skagit fall salmon 2022,830,boat,3,5.1972530694987045,0.34704205667850163,4.985605909090909,5.59776682382134,0.06677413087986789,month
Skagit fall salmon 2023,830,bank,4,2.710174812945591,0.2924575247518572,2.4670633333333334,3.1226664,0.107910944841966,month
Skagit fall salmon 2023,830,boat,4,4.382991181389517,0.33743261512442496,3.8889187567567567,4.650047873563218,0.0769868341413022,month
Skagit fall salmon 2024,830,bank,3,2.8054669564081824,0.3680741171926052,2.528086111111111,3.2230363057324842,0.13119887808760636,month
Skagit fall salmon 2024,830,boat,3,4.940956625993482,0.42241091675751136,4.671371674641148,5.427777435897436,0.0854917273580755,month
Skagit fall salmon 2025,826,bank,3,3.879309525252525,1.2867476543100806,2.5111116666666664,5.065150909090909,0.3316950209654434,month
Skagit fall salmon 2025,830,bank,4,3.1128756933070845,0.24587077730411946,2.8666657142857144,3.450854700854701,0.07898509337612164,month
Skagit fall salmon 2025,830,boat,4,4.846410424721734,0.6320237923757294,4.099249099099099,5.6434339393939394,0.13041070338404495,month
Snohomish fall salmon 2022,850,bank,2,2.2666666666666666,0.3771236166328253,2,2.533333333333333,0.16637806616154058,month
Snohomish fall salmon 2022,850,boat,2,3.3041662499999997,0.47729884506787235,2.966665,3.6416674999999996,0.14445364093525026,month
Snohomish fall salmon 2022,852,bank,2,3.118750625,0.16793874441528167,3,3.23750125,0.0538480836104944,month
Snohomish fall salmon 2022,852,boat,2,3.3443193181818183,0.4044429013987502,3.0583349999999996,3.6303036363636365,0.12093429571750067,month
Snohomish fall salmon 2023,844,bank,2,2.963491167945439,0.0024418633613161453,2.9617645098039214,2.9652178260869566,8.239819938485142e-4,month
Snohomish fall salmon 2023,844,boat,2,6.1685901098901095,1.4822047544337318,5.120513076923077,7.216667142857143,0.24028258127530808,month
Snohomish fall salmon 2023,850,bank,2,3.0511257681664103,0.13438433364517857,2.9561016945606693,3.146149841772152,0.0440441803636097,month
Snohomish fall salmon 2023,850,boat,2,4.4662247051645725,0.05231284476483351,4.429233937888199,4.503215472440945,0.01171298987808225,month
Snohomish fall salmon 2024,844,bank,1,2.4214716216216217,NA,2.4214716216216217,2.4214716216216217,NA,month
Snohomish fall salmon 2024,844,boat,1,5.8796302222222225,NA,5.8796302222222225,5.8796302222222225,NA,month
Snohomish fall salmon 2024,850,bank,3,1.9836823423185344,0.8996716481174944,0.9458300000000001,2.542054186046512,0.45353614786224056,month
Snohomish fall salmon 2024,850,boat,3,4.438057553651971,0.23939204054838192,4.172557629310345,4.637447531645569,0.053940724664868746,month
Snohomish fall salmon 2024,852,bank,1,2.0108187719298245,NA,2.0108187719298245,2.0108187719298245,NA,month
Snohomish fall salmon 2024,852,boat,1,3.619565217391304,NA,3.619565217391304,3.619565217391304,NA,month
Snohomish fall salmon 2025,844,bank,2,2.411992023809524,0.15139678097352005,2.3049383333333333,2.5190457142857143,0.06276835888304576,month
Snohomish fall salmon 2025,844,boat,2,3.294791458333333,1.8075414147802864,2.0166666666666666,4.57291625,0.5486057122700656,month
Snohomish fall salmon 2025,850,bank,4,2.665506790766157,0.35099614564232334,2.333333076923077,2.986386089108911,0.13168082964869698,month
Snohomish fall salmon 2025,850,boat,3,4.458642534591294,0.37981203599538643,4.038406086956522,4.777426202531646,0.08518557678681507,month
Stillaguamish salmon and gamefish 2022-23,872,bank,2,2.868686856060606,0.2542723308242541,2.6888891666666668,3.0484845454545453,0.08863718613520297,month
Stillaguamish salmon and gamefish 2022-23,872,boat,1,9.6,NA,9.6,9.6,NA,month
Stillaguamish salmon and gamefish 2022-23,874,bank,2,1.9083316666666668,0.8131704413419257,1.3333333333333333,2.48333,0.42611588726728616,month
Stillaguamish salmon and gamefish 2022-23,876,bank,2,2.0281776885116463,1.046437401417146,1.288234705882353,2.7681206711409394,0.5159495676067029,month
Stillaguamish salmon and gamefish 2022-23,876,boat,1,3.17291625,NA,3.17291625,3.17291625,NA,month
Stillaguamish salmon and gamefish 2023-24,872,bank,1,3.2893936363636365,NA,3.2893936363636365,3.2893936363636365,NA,month
Stillaguamish salmon and gamefish 2023-24,872,boat,1,8.41667,NA,8.41667,8.41667,NA,month
Stillaguamish salmon and gamefish 2023-24,876,bank,1,3.100000272727273,NA,3.100000272727273,3.100000272727273,NA,month
Stillaguamish salmon and gamefish 2023-24,876,boat,1,4.068628235294118,NA,4.068628235294118,4.068628235294118,NA,month
Stillaguamish salmon and gamefish 2024-25,872,bank,3,2.794254598166504,0.36354412401243813,2.453846153846154,3.1771931578947368,0.13010415165854378,month
Stillaguamish salmon and gamefish 2024-25,872,boat,2,7.009720833333333,1.105836045518528,6.227776666666666,7.791665,0.157757501591211,month
Stillaguamish salmon and gamefish 2024-25,874,bank,2,2.275000729166667,0.09428222998342084,2.2083331250000002,2.3416683333333332,0.04144272517132618,month
Stillaguamish salmon and gamefish 2024-25,876,bank,3,2.214211697885261,0.631511705275177,1.5,2.698727404580153,0.28520836823250384,month
Stillaguamish salmon and gamefish 2024-25,876,boat,2,4.481667,0.6151871422729834,4.046664,4.91667,0.1372674815583093,month
Stillaguamish salmon and gamefish 2025-26,872,bank,2,3.4263921618625277,0.09374998873632609,3.3601009090909093,3.4926834146341466,0.02736113798642512,month
Stillaguamish salmon and gamefish 2025-26,872,boat,2,7.611111666666666,1.8070514487064897,6.333333333333333,8.88889,0.2374228007480935,month
Stillaguamish salmon and gamefish 2025-26,876,bank,2,3.0865971237705887,0.3324117143727769,2.8515465463917526,3.321647701149425,0.10769520641770784,month
Stillaguamish salmon and gamefish 2025-26,876,boat,2,3.8590275,0.11097687377332263,3.780555,3.9375,0.02875773074260876,month
Upper Chehalis salmon 2023,315,bank,1,5.4541675,NA,5.4541675,5.4541675,NA,month
Upper Chehalis salmon 2023,315,boat,2,3.766790147058823,0.005720285887216528,3.762745294117647,3.770835,0.0015186101863633229,month
Upper Chehalis salmon 2023,317,bank,2,2.584258055555556,0.6822264434162973,2.1018511111111113,3.066665,0.2639931573202098,month
Upper Chehalis salmon 2023,317,boat,2,4.944003997619047,0.48789788411028745,4.599008095238095,5.2889999,0.09868476731516625,month
Wallace salmon and gamefish 2022-23,860,bank,5,2.782361158208457,0.40907031270997096,2.353332,3.224267531380753,0.14702272259053836,month
Wallace salmon and gamefish 2023-24,860,bank,2,2.698721948757764,0.6017961275335921,2.2731878260869567,3.1242560714285714,0.2229930088983795,month
Wallace salmon and gamefish 2024-25,860,bank,2,2.873859272869023,0.48380582689798596,2.531756891891892,3.2159616538461537,0.16834708347253008,month
