analysis_id,project_name,fishery_name,section_num,min_event_date,max_event_date,period,day_type,angler_final,est_cg,model_type,estimate_category,estimate_type,estimate_value,estimate_time_period
F2F6589E-058A-4214-ACD7-EA0467160577,District 11,Puyallup_Carbon salmon 2022,1,2022-08-16,2022-08-21,33,weekday,Bank,Chinook|Coho_Adult|Jack_AD|UM_Kept,PE,catch,number_observations,3,week
F2F6589E-058A-4214-ACD7-EA0467160577,District 11,Puyallup_Carbon salmon 2022,1,2022-08-16,2022-08-21,33,weekday,Bank,Chinook|Coho_Adult|Jack_AD|UM_Kept,PE,catch,daily_mean,99.86033333333333,week
F2F6589E-058A-4214-ACD7-EA0467160577,District 11,Puyallup_Carbon salmon 2022,1,2022-08-16,2022-08-21,33,weekday,Bank,Chinook|Coho_Adult|Jack_AD|UM_Kept,PE,catch,daily_variance,4982.310158333334,week
F2F6589E-058A-4214-ACD7-EA0467160577,District 11,Puyallup_Carbon salmon 2022,1,2022-08-16,2022-08-21,33,weekday,Bank,Chinook|Coho_Adult|Jack_AD|UM_Kept,PE,catch,days_open,4,week
F2F6589E-058A-4214-ACD7-EA0467160577,District 11,Puyallup_Carbon salmon 2022,1,2022-08-16,2022-08-21,33,weekday,Bank,Chinook|Coho_Adult|Jack_AD|UM_Kept,PE,catch,degrees_freedom,12.5,week
F2F6589E-058A-4214-ACD7-EA0467160577,District 11,Puyallup_Carbon salmon 2022,1,2022-08-16,2022-08-21,33,weekday,Bank,Chinook|Coho_Adult|Jack_AD|UM_Kept,PE,catch,total_catch,399.4413333333333,week
F2F6589E-058A-4214-ACD7-EA0467160577,District 11,Puyallup_Carbon salmon 2022,1,2022-08-22,2022-08-28,34,weekday,Bank,Chinook|Coho_Adult|Jack_AD|UM_Kept,PE,catch,number_observations,3,week
F2F6589E-058A-4214-ACD7-EA0467160577,District 11,Puyallup_Carbon salmon 2022,1,2022-08-22,2022-08-28,34,weekday,Bank,Chinook|Coho_Adult|Jack_AD|UM_Kept,PE,catch,daily_mean,209.86433333333332,week
F2F6589E-058A-4214-ACD7-EA0467160577,District 11,Puyallup_Carbon salmon 2022,1,2022-08-22,2022-08-28,34,weekday,Bank,Chinook|Coho_Adult|Jack_AD|UM_Kept,PE,catch,daily_variance,13806.146146333334,week
F2F6589E-058A-4214-ACD7-EA0467160577,District 11,Puyallup_Carbon salmon 2022,1,2022-08-22,2022-08-28,34,weekday,Bank,Chinook|Coho_Adult|Jack_AD|UM_Kept,PE,catch,days_open,3,week
F2F6589E-058A-4214-ACD7-EA0467160577,District 11,Puyallup_Carbon salmon 2022,1,2022-08-22,2022-08-28,34,weekday,Bank,Chinook|Coho_Adult|Jack_AD|UM_Kept,PE,catch,degrees_freedom,12.5,week
F2F6589E-058A-4214-ACD7-EA0467160577,District 11,Puyallup_Carbon salmon 2022,1,2022-08-22,2022-08-28,34,weekday,Bank,Chinook|Coho_Adult|Jack_AD|UM_Kept,PE,catch,total_catch,629.593,week
F2F6589E-058A-4214-ACD7-EA0467160577,District 11,Puyallup_Carbon salmon 2022,1,2022-08-22,2022-08-28,34,weekend,Bank,Chinook|Coho_Adult|Jack_AD|UM_Kept,PE,catch,number_observations,1,week
F2F6589E-058A-4214-ACD7-EA0467160577,District 11,Puyallup_Carbon salmon 2022,1,2022-08-22,2022-08-28,34,weekend,Bank,Chinook|Coho_Adult|Jack_AD|UM_Kept,PE,catch,daily_mean,320.833,week
F2F6589E-058A-4214-ACD7-EA0467160577,District 11,Puyallup_Carbon salmon 2022,1,2022-08-22,2022-08-28,34,weekend,Bank,Chinook|Coho_Adult|Jack_AD|UM_Kept,PE,catch,daily_variance,0,week
F2F6589E-058A-4214-ACD7-EA0467160577,District 11,Puyallup_Carbon salmon 2022,1,2022-08-22,2022-08-28,34,weekend,Bank,Chinook|Coho_Adult|Jack_AD|UM_Kept,PE,catch,days_open,1,week
F2F6589E-058A-4214-ACD7-EA0467160577,District 11,Puyallup_Carbon salmon 2022,1,2022-08-22,2022-08-28,34,weekend,Bank,Chinook|Coho_Adult|Jack_AD|UM_Kept,PE,catch,degrees_freedom,12.5,week
F2F6589E-058A-4214-ACD7-EA0467160577,District 11,Puyallup_Carbon salmon 2022,1,2022-08-22,2022-08-28,34,weekend,Bank,Chinook|Coho_Adult|Jack_AD|UM_Kept,PE,catch,total_catch,320.833,week
F2F6589E-058A-4214-ACD7-EA0467160577,District 11,Puyallup_Carbon salmon 2022,1,2022-08-29,2022-09-04,35,weekday,Bank,Chinook|Coho_Adult|Jack_AD|UM_Kept,PE,catch,number_observations,3,week
F2F6589E-058A-4214-ACD7-EA0467160577,District 11,Puyallup_Carbon salmon 2022,1,2022-08-29,2022-09-04,35,weekday,Bank,Chinook|Coho_Adult|Jack_AD|UM_Kept,PE,catch,daily_mean,586.5086666666666,week
F2F6589E-058A-4214-ACD7-EA0467160577,District 11,Puyallup_Carbon salmon 2022,1,2022-08-29,2022-09-04,35,weekday,Bank,Chinook|Coho_Adult|Jack_AD|UM_Kept,PE,catch,daily_variance,6835.971265333338,week
F2F6589E-058A-4214-ACD7-EA0467160577,District 11,Puyallup_Carbon salmon 2022,1,2022-08-29,2022-09-04,35,weekday,Bank,Chinook|Coho_Adult|Jack_AD|UM_Kept,PE,catch,days_open,3,week
F2F6589E-058A-4214-ACD7-EA0467160577,District 11,Puyallup_Carbon salmon 2022,1,2022-08-29,2022-09-04,35,weekday,Bank,Chinook|Coho_Adult|Jack_AD|UM_Kept,PE,catch,degrees_freedom,12.5,week
F2F6589E-058A-4214-ACD7-EA0467160577,District 11,Puyallup_Carbon salmon 2022,1,2022-08-29,2022-09-04,35,weekday,Bank,Chinook|Coho_Adult|Jack_AD|UM_Kept,PE,catch,total_catch,1759.5259999999998,week
F2F6589E-058A-4214-ACD7-EA0467160577,District 11,Puyallup_Carbon salmon 2022,1,2022-08-29,2022-09-04,35,weekend,Bank,Chinook|Coho_Adult|Jack_AD|UM_Kept,PE,catch,number_observations,1,week
F2F6589E-058A-4214-ACD7-EA0467160577,District 11,Puyallup_Carbon salmon 2022,1,2022-08-29,2022-09-04,35,weekend,Bank,Chinook|Coho_Adult|Jack_AD|UM_Kept,PE,catch,daily_mean,344.995,week
F2F6589E-058A-4214-ACD7-EA0467160577,District 11,Puyallup_Carbon salmon 2022,1,2022-08-29,2022-09-04,35,weekend,Bank,Chinook|Coho_Adult|Jack_AD|UM_Kept,PE,catch,daily_variance,0,week
F2F6589E-058A-4214-ACD7-EA0467160577,District 11,Puyallup_Carbon salmon 2022,1,2022-08-29,2022-09-04,35,weekend,Bank,Chinook|Coho_Adult|Jack_AD|UM_Kept,PE,catch,days_open,1,week
F2F6589E-058A-4214-ACD7-EA0467160577,District 11,Puyallup_Carbon salmon 2022,1,2022-08-29,2022-09-04,35,weekend,Bank,Chinook|Coho_Adult|Jack_AD|UM_Kept,PE,catch,degrees_freedom,12.5,week
F2F6589E-058A-4214-ACD7-EA0467160577,District 11,Puyallup_Carbon salmon 2022,1,2022-08-29,2022-09-04,35,weekend,Bank,Chinook|Coho_Adult|Jack_AD|UM_Kept,PE,catch,total_catch,344.995,week
F2F6589E-058A-4214-ACD7-EA0467160577,District 11,Puyallup_Carbon salmon 2022,1,2022-09-05,2022-09-11,36,weekday,Bank,Chinook|Coho_Adult|Jack_AD|UM_Kept,PE,catch,number_observations,2,week
F2F6589E-058A-4214-ACD7-EA0467160577,District 11,Puyallup_Carbon salmon 2022,1,2022-09-05,2022-09-11,36,weekday,Bank,Chinook|Coho_Adult|Jack_AD|UM_Kept,PE,catch,daily_mean,394.6105,week
F2F6589E-058A-4214-ACD7-EA0467160577,District 11,Puyallup_Carbon salmon 2022,1,2022-09-05,2022-09-11,36,weekday,Bank,Chinook|Coho_Adult|Jack_AD|UM_Kept,PE,catch,daily_variance,30089.724612500013,week
F2F6589E-058A-4214-ACD7-EA0467160577,District 11,Puyallup_Carbon salmon 2022,1,2022-09-05,2022-09-11,36,weekday,Bank,Chinook|Coho_Adult|Jack_AD|UM_Kept,PE,catch,days_open,3,week
F2F6589E-058A-4214-ACD7-EA0467160577,District 11,Puyallup_Carbon salmon 2022,1,2022-09-05,2022-09-11,36,weekday,Bank,Chinook|Coho_Adult|Jack_AD|UM_Kept,PE,catch,degrees_freedom,12.5,week
F2F6589E-058A-4214-ACD7-EA0467160577,District 11,Puyallup_Carbon salmon 2022,1,2022-09-05,2022-09-11,36,weekday,Bank,Chinook|Coho_Adult|Jack_AD|UM_Kept,PE,catch,total_catch,1183.8315,week
F2F6589E-058A-4214-ACD7-EA0467160577,District 11,Puyallup_Carbon salmon 2022,1,2022-09-05,2022-09-11,36,weekend,Bank,Chinook|Coho_Adult|Jack_AD|UM_Kept,PE,catch,number_observations,1,week
F2F6589E-058A-4214-ACD7-EA0467160577,District 11,Puyallup_Carbon salmon 2022,1,2022-09-05,2022-09-11,36,weekend,Bank,Chinook|Coho_Adult|Jack_AD|UM_Kept,PE,catch,daily_mean,679.667,week
F2F6589E-058A-4214-ACD7-EA0467160577,District 11,Puyallup_Carbon salmon 2022,1,2022-09-05,2022-09-11,36,weekend,Bank,Chinook|Coho_Adult|Jack_AD|UM_Kept,PE,catch,daily_variance,0,week
F2F6589E-058A-4214-ACD7-EA0467160577,District 11,Puyallup_Carbon salmon 2022,1,2022-09-05,2022-09-11,36,weekend,Bank,Chinook|Coho_Adult|Jack_AD|UM_Kept,PE,catch,days_open,1,week
F2F6589E-058A-4214-ACD7-EA0467160577,District 11,Puyallup_Carbon salmon 2022,1,2022-09-05,2022-09-11,36,weekend,Bank,Chinook|Coho_Adult|Jack_AD|UM_Kept,PE,catch,degrees_freedom,12.5,week
F2F6589E-058A-4214-ACD7-EA0467160577,District 11,Puyallup_Carbon salmon 2022,1,2022-09-05,2022-09-11,36,weekend,Bank,Chinook|Coho_Adult|Jack_AD|UM_Kept,PE,catch,total_catch,679.667,week
F2F6589E-058A-4214-ACD7-EA0467160577,District 11,Puyallup_Carbon salmon 2022,1,2022-09-12,2022-09-18,37,weekday,Bank,Chinook|Coho_Adult|Jack_AD|UM_Kept,PE,catch,number_observations,3,week
F2F6589E-058A-4214-ACD7-EA0467160577,District 11,Puyallup_Carbon salmon 2022,1,2022-09-12,2022-09-18,37,weekday,Bank,Chinook|Coho_Adult|Jack_AD|UM_Kept,PE,catch,daily_mean,79.78233333333333,week
F2F6589E-058A-4214-ACD7-EA0467160577,District 11,Puyallup_Carbon salmon 2022,1,2022-09-12,2022-09-18,37,weekday,Bank,Chinook|Coho_Adult|Jack_AD|UM_Kept,PE,catch,daily_variance,959.1948573333331,week
F2F6589E-058A-4214-ACD7-EA0467160577,District 11,Puyallup_Carbon salmon 2022,1,2022-09-12,2022-09-18,37,weekday,Bank,Chinook|Coho_Adult|Jack_AD|UM_Kept,PE,catch,days_open,3,week
F2F6589E-058A-4214-ACD7-EA0467160577,District 11,Puyallup_Carbon salmon 2022,1,2022-09-12,2022-09-18,37,weekday,Bank,Chinook|Coho_Adult|Jack_AD|UM_Kept,PE,catch,degrees_freedom,12.5,week
F2F6589E-058A-4214-ACD7-EA0467160577,District 11,Puyallup_Carbon salmon 2022,1,2022-09-12,2022-09-18,37,weekday,Bank,Chinook|Coho_Adult|Jack_AD|UM_Kept,PE,catch,total_catch,239.34699999999998,week
F2F6589E-058A-4214-ACD7-EA0467160577,District 11,Puyallup_Carbon salmon 2022,1,2022-09-12,2022-09-18,37,weekend,Bank,Chinook|Coho_Adult|Jack_AD|UM_Kept,PE,catch,number_observations,1,week
F2F6589E-058A-4214-ACD7-EA0467160577,District 11,Puyallup_Carbon salmon 2022,1,2022-09-12,2022-09-18,37,weekend,Bank,Chinook|Coho_Adult|Jack_AD|UM_Kept,PE,catch,daily_mean,97.518,week
F2F6589E-058A-4214-ACD7-EA0467160577,District 11,Puyallup_Carbon salmon 2022,1,2022-09-12,2022-09-18,37,weekend,Bank,Chinook|Coho_Adult|Jack_AD|UM_Kept,PE,catch,daily_variance,0,week
F2F6589E-058A-4214-ACD7-EA0467160577,District 11,Puyallup_Carbon salmon 2022,1,2022-09-12,2022-09-18,37,weekend,Bank,Chinook|Coho_Adult|Jack_AD|UM_Kept,PE,catch,days_open,1,week
F2F6589E-058A-4214-ACD7-EA0467160577,District 11,Puyallup_Carbon salmon 2022,1,2022-09-12,2022-09-18,37,weekend,Bank,Chinook|Coho_Adult|Jack_AD|UM_Kept,PE,catch,degrees_freedom,12.5,week
F2F6589E-058A-4214-ACD7-EA0467160577,District 11,Puyallup_Carbon salmon 2022,1,2022-09-12,2022-09-18,37,weekend,Bank,Chinook|Coho_Adult|Jack_AD|UM_Kept,PE,catch,total_catch,97.518,week
F2F6589E-058A-4214-ACD7-EA0467160577,District 11,Puyallup_Carbon salmon 2022,1,2022-09-19,2022-09-25,38,weekday,Bank,Chinook|Coho_Adult|Jack_AD|UM_Kept,PE,catch,number_observations,3,week
F2F6589E-058A-4214-ACD7-EA0467160577,District 11,Puyallup_Carbon salmon 2022,1,2022-09-19,2022-09-25,38,weekday,Bank,Chinook|Coho_Adult|Jack_AD|UM_Kept,PE,catch,daily_mean,42.455666666666666,week
F2F6589E-058A-4214-ACD7-EA0467160577,District 11,Puyallup_Carbon salmon 2022,1,2022-09-19,2022-09-25,38,weekday,Bank,Chinook|Coho_Adult|Jack_AD|UM_Kept,PE,catch,daily_variance,482.05951433333354,week
F2F6589E-058A-4214-ACD7-EA0467160577,District 11,Puyallup_Carbon salmon 2022,1,2022-09-19,2022-09-25,38,weekday,Bank,Chinook|Coho_Adult|Jack_AD|UM_Kept,PE,catch,days_open,3,week
F2F6589E-058A-4214-ACD7-EA0467160577,District 11,Puyallup_Carbon salmon 2022,1,2022-09-19,2022-09-25,38,weekday,Bank,Chinook|Coho_Adult|Jack_AD|UM_Kept,PE,catch,degrees_freedom,12.5,week
F2F6589E-058A-4214-ACD7-EA0467160577,District 11,Puyallup_Carbon salmon 2022,1,2022-09-19,2022-09-25,38,weekday,Bank,Chinook|Coho_Adult|Jack_AD|UM_Kept,PE,catch,total_catch,127.36699999999999,week
F2F6589E-058A-4214-ACD7-EA0467160577,District 11,Puyallup_Carbon salmon 2022,1,2022-09-19,2022-09-25,38,weekend,Bank,Chinook|Coho_Adult|Jack_AD|UM_Kept,PE,catch,number_observations,1,week
F2F6589E-058A-4214-ACD7-EA0467160577,District 11,Puyallup_Carbon salmon 2022,1,2022-09-19,2022-09-25,38,weekend,Bank,Chinook|Coho_Adult|Jack_AD|UM_Kept,PE,catch,daily_mean,0,week
F2F6589E-058A-4214-ACD7-EA0467160577,District 11,Puyallup_Carbon salmon 2022,1,2022-09-19,2022-09-25,38,weekend,Bank,Chinook|Coho_Adult|Jack_AD|UM_Kept,PE,catch,daily_variance,0,week
F2F6589E-058A-4214-ACD7-EA0467160577,District 11,Puyallup_Carbon salmon 2022,1,2022-09-19,2022-09-25,38,weekend,Bank,Chinook|Coho_Adult|Jack_AD|UM_Kept,PE,catch,days_open,1,week
F2F6589E-058A-4214-ACD7-EA0467160577,District 11,Puyallup_Carbon salmon 2022,1,2022-09-19,2022-09-25,38,weekend,Bank,Chinook|Coho_Adult|Jack_AD|UM_Kept,PE,catch,degrees_freedom,12.5,week
F2F6589E-058A-4214-ACD7-EA0467160577,District 11,Puyallup_Carbon salmon 2022,1,2022-09-19,2022-09-25,38,weekend,Bank,Chinook|Coho_Adult|Jack_AD|UM_Kept,PE,catch,total_catch,0,week
F2F6589E-058A-4214-ACD7-EA0467160577,District 11,Puyallup_Carbon salmon 2022,1,2022-09-26,2022-09-30,39,weekday,Bank,Chinook|Coho_Adult|Jack_AD|UM_Kept,PE,catch,number_observations,3,week
F2F6589E-058A-4214-ACD7-EA0467160577,District 11,Puyallup_Carbon salmon 2022,1,2022-09-26,2022-09-30,39,weekday,Bank,Chinook|Coho_Adult|Jack_AD|UM_Kept,PE,catch,daily_mean,7.6706666666666665,week
F2F6589E-058A-4214-ACD7-EA0467160577,District 11,Puyallup_Carbon salmon 2022,1,2022-09-26,2022-09-30,39,weekday,Bank,Chinook|Coho_Adult|Jack_AD|UM_Kept,PE,catch,daily_variance,51.21026633333333,week
F2F6589E-058A-4214-ACD7-EA0467160577,District 11,Puyallup_Carbon salmon 2022,1,2022-09-26,2022-09-30,39,weekday,Bank,Chinook|Coho_Adult|Jack_AD|UM_Kept,PE,catch,days_open,3,week
F2F6589E-058A-4214-ACD7-EA0467160577,District 11,Puyallup_Carbon salmon 2022,1,2022-09-26,2022-09-30,39,weekday,Bank,Chinook|Coho_Adult|Jack_AD|UM_Kept,PE,catch,degrees_freedom,12.5,week
F2F6589E-058A-4214-ACD7-EA0467160577,District 11,Puyallup_Carbon salmon 2022,1,2022-09-26,2022-09-30,39,weekday,Bank,Chinook|Coho_Adult|Jack_AD|UM_Kept,PE,catch,total_catch,23.012,week
F2F6589E-058A-4214-ACD7-EA0467160577,District 11,Puyallup_Carbon salmon 2022,2,2022-08-16,2022-08-21,33,weekday,Bank,Chinook|Coho_Adult|Jack_AD|UM_Kept,PE,catch,number_observations,3,week
F2F6589E-058A-4214-ACD7-EA0467160577,District 11,Puyallup_Carbon salmon 2022,2,2022-08-16,2022-08-21,33,weekday,Bank,Chinook|Coho_Adult|Jack_AD|UM_Kept,PE,catch,daily_mean,33.098333333333336,week
F2F6589E-058A-4214-ACD7-EA0467160577,District 11,Puyallup_Carbon salmon 2022,2,2022-08-16,2022-08-21,33,weekday,Bank,Chinook|Coho_Adult|Jack_AD|UM_Kept,PE,catch,daily_variance,636.8312923333333,week
F2F6589E-058A-4214-ACD7-EA0467160577,District 11,Puyallup_Carbon salmon 2022,2,2022-08-16,2022-08-21,33,weekday,Bank,Chinook|Coho_Adult|Jack_AD|UM_Kept,PE,catch,days_open,4,week
F2F6589E-058A-4214-ACD7-EA0467160577,District 11,Puyallup_Carbon salmon 2022,2,2022-08-16,2022-08-21,33,weekday,Bank,Chinook|Coho_Adult|Jack_AD|UM_Kept,PE,catch,degrees_freedom,12.5,week
F2F6589E-058A-4214-ACD7-EA0467160577,District 11,Puyallup_Carbon salmon 2022,2,2022-08-16,2022-08-21,33,weekday,Bank,Chinook|Coho_Adult|Jack_AD|UM_Kept,PE,catch,total_catch,132.39333333333335,week
F2F6589E-058A-4214-ACD7-EA0467160577,District 11,Puyallup_Carbon salmon 2022,2,2022-08-22,2022-08-28,34,weekday,Bank,Chinook|Coho_Adult|Jack_AD|UM_Kept,PE,catch,number_observations,3,week
F2F6589E-058A-4214-ACD7-EA0467160577,District 11,Puyallup_Carbon salmon 2022,2,2022-08-22,2022-08-28,34,weekday,Bank,Chinook|Coho_Adult|Jack_AD|UM_Kept,PE,catch,daily_mean,23.464,week
F2F6589E-058A-4214-ACD7-EA0467160577,District 11,Puyallup_Carbon salmon 2022,2,2022-08-22,2022-08-28,34,weekday,Bank,Chinook|Coho_Adult|Jack_AD|UM_Kept,PE,catch,daily_variance,105.017716,week
F2F6589E-058A-4214-ACD7-EA0467160577,District 11,Puyallup_Carbon salmon 2022,2,2022-08-22,2022-08-28,34,weekday,Bank,Chinook|Coho_Adult|Jack_AD|UM_Kept,PE,catch,days_open,3,week
F2F6589E-058A-4214-ACD7-EA0467160577,District 11,Puyallup_Carbon salmon 2022,2,2022-08-22,2022-08-28,34,weekday,Bank,Chinook|Coho_Adult|Jack_AD|UM_Kept,PE,catch,degrees_freedom,12.5,week
F2F6589E-058A-4214-ACD7-EA0467160577,District 11,Puyallup_Carbon salmon 2022,2,2022-08-22,2022-08-28,34,weekday,Bank,Chinook|Coho_Adult|Jack_AD|UM_Kept,PE,catch,total_catch,70.392,week
F2F6589E-058A-4214-ACD7-EA0467160577,District 11,Puyallup_Carbon salmon 2022,2,2022-08-22,2022-08-28,34,weekend,Bank,Chinook|Coho_Adult|Jack_AD|UM_Kept,PE,catch,number_observations,1,week
F2F6589E-058A-4214-ACD7-EA0467160577,District 11,Puyallup_Carbon salmon 2022,2,2022-08-22,2022-08-28,34,weekend,Bank,Chinook|Coho_Adult|Jack_AD|UM_Kept,PE,catch,daily_mean,35.83,week
F2F6589E-058A-4214-ACD7-EA0467160577,District 11,Puyallup_Carbon salmon 2022,2,2022-08-22,2022-08-28,34,weekend,Bank,Chinook|Coho_Adult|Jack_AD|UM_Kept,PE,catch,daily_variance,0,week
F2F6589E-058A-4214-ACD7-EA0467160577,District 11,Puyallup_Carbon salmon 2022,2,2022-08-22,2022-08-28,34,weekend,Bank,Chinook|Coho_Adult|Jack_AD|UM_Kept,PE,catch,days_open,1,week
F2F6589E-058A-4214-ACD7-EA0467160577,District 11,Puyallup_Carbon salmon 2022,2,2022-08-22,2022-08-28,34,weekend,Bank,Chinook|Coho_Adult|Jack_AD|UM_Kept,PE,catch,degrees_freedom,12.5,week
F2F6589E-058A-4214-ACD7-EA0467160577,District 11,Puyallup_Carbon salmon 2022,2,2022-08-22,2022-08-28,34,weekend,Bank,Chinook|Coho_Adult|Jack_AD|UM_Kept,PE,catch,total_catch,35.83,week
F2F6589E-058A-4214-ACD7-EA0467160577,District 11,Puyallup_Carbon salmon 2022,2,2022-08-29,2022-09-04,35,weekday,Bank,Chinook|Coho_Adult|Jack_AD|UM_Kept,PE,catch,number_observations,3,week
F2F6589E-058A-4214-ACD7-EA0467160577,District 11,Puyallup_Carbon salmon 2022,2,2022-08-29,2022-09-04,35,weekday,Bank,Chinook|Coho_Adult|Jack_AD|UM_Kept,PE,catch,daily_mean,46.339333333333336,week
F2F6589E-058A-4214-ACD7-EA0467160577,District 11,Puyallup_Carbon salmon 2022,2,2022-08-29,2022-09-04,35,weekday,Bank,Chinook|Coho_Adult|Jack_AD|UM_Kept,PE,catch,daily_variance,403.19436133333323,week
F2F6589E-058A-4214-ACD7-EA0467160577,District 11,Puyallup_Carbon salmon 2022,2,2022-08-29,2022-09-04,35,weekday,Bank,Chinook|Coho_Adult|Jack_AD|UM_Kept,PE,catch,days_open,3,week
F2F6589E-058A-4214-ACD7-EA0467160577,District 11,Puyallup_Carbon salmon 2022,2,2022-08-29,2022-09-04,35,weekday,Bank,Chinook|Coho_Adult|Jack_AD|UM_Kept,PE,catch,degrees_freedom,12.5,week
F2F6589E-058A-4214-ACD7-EA0467160577,District 11,Puyallup_Carbon salmon 2022,2,2022-08-29,2022-09-04,35,weekday,Bank,Chinook|Coho_Adult|Jack_AD|UM_Kept,PE,catch,total_catch,139.018,week
F2F6589E-058A-4214-ACD7-EA0467160577,District 11,Puyallup_Carbon salmon 2022,2,2022-08-29,2022-09-04,35,weekend,Bank,Chinook|Coho_Adult|Jack_AD|UM_Kept,PE,catch,number_observations,1,week
F2F6589E-058A-4214-ACD7-EA0467160577,District 11,Puyallup_Carbon salmon 2022,2,2022-08-29,2022-09-04,35,weekend,Bank,Chinook|Coho_Adult|Jack_AD|UM_Kept,PE,catch,daily_mean,30.589,week
F2F6589E-058A-4214-ACD7-EA0467160577,District 11,Puyallup_Carbon salmon 2022,2,2022-08-29,2022-09-04,35,weekend,Bank,Chinook|Coho_Adult|Jack_AD|UM_Kept,PE,catch,daily_variance,0,week
F2F6589E-058A-4214-ACD7-EA0467160577,District 11,Puyallup_Carbon salmon 2022,2,2022-08-29,2022-09-04,35,weekend,Bank,Chinook|Coho_Adult|Jack_AD|UM_Kept,PE,catch,days_open,1,week
F2F6589E-058A-4214-ACD7-EA0467160577,District 11,Puyallup_Carbon salmon 2022,2,2022-08-29,2022-09-04,35,weekend,Bank,Chinook|Coho_Adult|Jack_AD|UM_Kept,PE,catch,degrees_freedom,12.5,week
F2F6589E-058A-4214-ACD7-EA0467160577,District 11,Puyallup_Carbon salmon 2022,2,2022-08-29,2022-09-04,35,weekend,Bank,Chinook|Coho_Adult|Jack_AD|UM_Kept,PE,catch,total_catch,30.589,week
F2F6589E-058A-4214-ACD7-EA0467160577,District 11,Puyallup_Carbon salmon 2022,2,2022-09-05,2022-09-11,36,weekday,Bank,Chinook|Coho_Adult|Jack_AD|UM_Kept,PE,catch,number_observations,2,week
F2F6589E-058A-4214-ACD7-EA0467160577,District 11,Puyallup_Carbon salmon 2022,2,2022-09-05,2022-09-11,36,weekday,Bank,Chinook|Coho_Adult|Jack_AD|UM_Kept,PE,catch,daily_mean,10.8885,week
F2F6589E-058A-4214-ACD7-EA0467160577,District 11,Puyallup_Carbon salmon 2022,2,2022-09-05,2022-09-11,36,weekday,Bank,Chinook|Coho_Adult|Jack_AD|UM_Kept,PE,catch,daily_variance,3.7785005000000016,week
F2F6589E-058A-4214-ACD7-EA0467160577,District 11,Puyallup_Carbon salmon 2022,2,2022-09-05,2022-09-11,36,weekday,Bank,Chinook|Coho_Adult|Jack_AD|UM_Kept,PE,catch,days_open,3,week
F2F6589E-058A-4214-ACD7-EA0467160577,District 11,Puyallup_Carbon salmon 2022,2,2022-09-05,2022-09-11,36,weekday,Bank,Chinook|Coho_Adult|Jack_AD|UM_Kept,PE,catch,degrees_freedom,12.5,week
F2F6589E-058A-4214-ACD7-EA0467160577,District 11,Puyallup_Carbon salmon 2022,2,2022-09-05,2022-09-11,36,weekday,Bank,Chinook|Coho_Adult|Jack_AD|UM_Kept,PE,catch,total_catch,32.6655,week
F2F6589E-058A-4214-ACD7-EA0467160577,District 11,Puyallup_Carbon salmon 2022,2,2022-09-05,2022-09-11,36,weekend,Bank,Chinook|Coho_Adult|Jack_AD|UM_Kept,PE,catch,number_observations,1,week
F2F6589E-058A-4214-ACD7-EA0467160577,District 11,Puyallup_Carbon salmon 2022,2,2022-09-05,2022-09-11,36,weekend,Bank,Chinook|Coho_Adult|Jack_AD|UM_Kept,PE,catch,daily_mean,30.464,week
F2F6589E-058A-4214-ACD7-EA0467160577,District 11,Puyallup_Carbon salmon 2022,2,2022-09-05,2022-09-11,36,weekend,Bank,Chinook|Coho_Adult|Jack_AD|UM_Kept,PE,catch,daily_variance,0,week
F2F6589E-058A-4214-ACD7-EA0467160577,District 11,Puyallup_Carbon salmon 2022,2,2022-09-05,2022-09-11,36,weekend,Bank,Chinook|Coho_Adult|Jack_AD|UM_Kept,PE,catch,days_open,1,week
F2F6589E-058A-4214-ACD7-EA0467160577,District 11,Puyallup_Carbon salmon 2022,2,2022-09-05,2022-09-11,36,weekend,Bank,Chinook|Coho_Adult|Jack_AD|UM_Kept,PE,catch,degrees_freedom,12.5,week
F2F6589E-058A-4214-ACD7-EA0467160577,District 11,Puyallup_Carbon salmon 2022,2,2022-09-05,2022-09-11,36,weekend,Bank,Chinook|Coho_Adult|Jack_AD|UM_Kept,PE,catch,total_catch,30.464,week
F2F6589E-058A-4214-ACD7-EA0467160577,District 11,Puyallup_Carbon salmon 2022,2,2022-09-12,2022-09-18,37,weekday,Bank,Chinook|Coho_Adult|Jack_AD|UM_Kept,PE,catch,number_observations,3,week
F2F6589E-058A-4214-ACD7-EA0467160577,District 11,Puyallup_Carbon salmon 2022,2,2022-09-12,2022-09-18,37,weekday,Bank,Chinook|Coho_Adult|Jack_AD|UM_Kept,PE,catch,daily_mean,47.089666666666666,week
F2F6589E-058A-4214-ACD7-EA0467160577,District 11,Puyallup_Carbon salmon 2022,2,2022-09-12,2022-09-18,37,weekday,Bank,Chinook|Coho_Adult|Jack_AD|UM_Kept,PE,catch,daily_variance,381.10702233333336,week
F2F6589E-058A-4214-ACD7-EA0467160577,District 11,Puyallup_Carbon salmon 2022,2,2022-09-12,2022-09-18,37,weekday,Bank,Chinook|Coho_Adult|Jack_AD|UM_Kept,PE,catch,days_open,3,week
F2F6589E-058A-4214-ACD7-EA0467160577,District 11,Puyallup_Carbon salmon 2022,2,2022-09-12,2022-09-18,37,weekday,Bank,Chinook|Coho_Adult|Jack_AD|UM_Kept,PE,catch,degrees_freedom,12.5,week
F2F6589E-058A-4214-ACD7-EA0467160577,District 11,Puyallup_Carbon salmon 2022,2,2022-09-12,2022-09-18,37,weekday,Bank,Chinook|Coho_Adult|Jack_AD|UM_Kept,PE,catch,total_catch,141.269,week
F2F6589E-058A-4214-ACD7-EA0467160577,District 11,Puyallup_Carbon salmon 2022,2,2022-09-12,2022-09-18,37,weekend,Bank,Chinook|Coho_Adult|Jack_AD|UM_Kept,PE,catch,number_observations,1,week
F2F6589E-058A-4214-ACD7-EA0467160577,District 11,Puyallup_Carbon salmon 2022,2,2022-09-12,2022-09-18,37,weekend,Bank,Chinook|Coho_Adult|Jack_AD|UM_Kept,PE,catch,daily_mean,68.56,week
F2F6589E-058A-4214-ACD7-EA0467160577,District 11,Puyallup_Carbon salmon 2022,2,2022-09-12,2022-09-18,37,weekend,Bank,Chinook|Coho_Adult|Jack_AD|UM_Kept,PE,catch,daily_variance,0,week
F2F6589E-058A-4214-ACD7-EA0467160577,District 11,Puyallup_Carbon salmon 2022,2,2022-09-12,2022-09-18,37,weekend,Bank,Chinook|Coho_Adult|Jack_AD|UM_Kept,PE,catch,days_open,1,week
F2F6589E-058A-4214-ACD7-EA0467160577,District 11,Puyallup_Carbon salmon 2022,2,2022-09-12,2022-09-18,37,weekend,Bank,Chinook|Coho_Adult|Jack_AD|UM_Kept,PE,catch,degrees_freedom,12.5,week
F2F6589E-058A-4214-ACD7-EA0467160577,District 11,Puyallup_Carbon salmon 2022,2,2022-09-12,2022-09-18,37,weekend,Bank,Chinook|Coho_Adult|Jack_AD|UM_Kept,PE,catch,total_catch,68.56,week
F2F6589E-058A-4214-ACD7-EA0467160577,District 11,Puyallup_Carbon salmon 2022,2,2022-09-19,2022-09-25,38,weekday,Bank,Chinook|Coho_Adult|Jack_AD|UM_Kept,PE,catch,number_observations,3,week
F2F6589E-058A-4214-ACD7-EA0467160577,District 11,Puyallup_Carbon salmon 2022,2,2022-09-19,2022-09-25,38,weekday,Bank,Chinook|Coho_Adult|Jack_AD|UM_Kept,PE,catch,daily_mean,50.85466666666667,week
F2F6589E-058A-4214-ACD7-EA0467160577,District 11,Puyallup_Carbon salmon 2022,2,2022-09-19,2022-09-25,38,weekday,Bank,Chinook|Coho_Adult|Jack_AD|UM_Kept,PE,catch,daily_variance,680.6106323333333,week
F2F6589E-058A-4214-ACD7-EA0467160577,District 11,Puyallup_Carbon salmon 2022,2,2022-09-19,2022-09-25,38,weekday,Bank,Chinook|Coho_Adult|Jack_AD|UM_Kept,PE,catch,days_open,3,week
F2F6589E-058A-4214-ACD7-EA0467160577,District 11,Puyallup_Carbon salmon 2022,2,2022-09-19,2022-09-25,38,weekday,Bank,Chinook|Coho_Adult|Jack_AD|UM_Kept,PE,catch,degrees_freedom,12.5,week
F2F6589E-058A-4214-ACD7-EA0467160577,District 11,Puyallup_Carbon salmon 2022,2,2022-09-19,2022-09-25,38,weekday,Bank,Chinook|Coho_Adult|Jack_AD|UM_Kept,PE,catch,total_catch,152.564,week
F2F6589E-058A-4214-ACD7-EA0467160577,District 11,Puyallup_Carbon salmon 2022,2,2022-09-19,2022-09-25,38,weekend,Bank,Chinook|Coho_Adult|Jack_AD|UM_Kept,PE,catch,number_observations,1,week
F2F6589E-058A-4214-ACD7-EA0467160577,District 11,Puyallup_Carbon salmon 2022,2,2022-09-19,2022-09-25,38,weekend,Bank,Chinook|Coho_Adult|Jack_AD|UM_Kept,PE,catch,daily_mean,34.987,week
F2F6589E-058A-4214-ACD7-EA0467160577,District 11,Puyallup_Carbon salmon 2022,2,2022-09-19,2022-09-25,38,weekend,Bank,Chinook|Coho_Adult|Jack_AD|UM_Kept,PE,catch,daily_variance,0,week
F2F6589E-058A-4214-ACD7-EA0467160577,District 11,Puyallup_Carbon salmon 2022,2,2022-09-19,2022-09-25,38,weekend,Bank,Chinook|Coho_Adult|Jack_AD|UM_Kept,PE,catch,days_open,1,week
F2F6589E-058A-4214-ACD7-EA0467160577,District 11,Puyallup_Carbon salmon 2022,2,2022-09-19,2022-09-25,38,weekend,Bank,Chinook|Coho_Adult|Jack_AD|UM_Kept,PE,catch,degrees_freedom,12.5,week
F2F6589E-058A-4214-ACD7-EA0467160577,District 11,Puyallup_Carbon salmon 2022,2,2022-09-19,2022-09-25,38,weekend,Bank,Chinook|Coho_Adult|Jack_AD|UM_Kept,PE,catch,total_catch,34.987,week
F2F6589E-058A-4214-ACD7-EA0467160577,District 11,Puyallup_Carbon salmon 2022,2,2022-09-26,2022-09-30,39,weekday,Bank,Chinook|Coho_Adult|Jack_AD|UM_Kept,PE,catch,number_observations,3,week
F2F6589E-058A-4214-ACD7-EA0467160577,District 11,Puyallup_Carbon salmon 2022,2,2022-09-26,2022-09-30,39,weekday,Bank,Chinook|Coho_Adult|Jack_AD|UM_Kept,PE,catch,daily_mean,23.880666666666666,week
F2F6589E-058A-4214-ACD7-EA0467160577,District 11,Puyallup_Carbon salmon 2022,2,2022-09-26,2022-09-30,39,weekday,Bank,Chinook|Coho_Adult|Jack_AD|UM_Kept,PE,catch,daily_variance,156.8637763333334,week
F2F6589E-058A-4214-ACD7-EA0467160577,District 11,Puyallup_Carbon salmon 2022,2,2022-09-26,2022-09-30,39,weekday,Bank,Chinook|Coho_Adult|Jack_AD|UM_Kept,PE,catch,days_open,3,week
F2F6589E-058A-4214-ACD7-EA0467160577,District 11,Puyallup_Carbon salmon 2022,2,2022-09-26,2022-09-30,39,weekday,Bank,Chinook|Coho_Adult|Jack_AD|UM_Kept,PE,catch,degrees_freedom,12.5,week
F2F6589E-058A-4214-ACD7-EA0467160577,District 11,Puyallup_Carbon salmon 2022,2,2022-09-26,2022-09-30,39,weekday,Bank,Chinook|Coho_Adult|Jack_AD|UM_Kept,PE,catch,total_catch,71.642,week
F2F6589E-058A-4214-ACD7-EA0467160577,District 11,Puyallup_Carbon salmon 2022,3,2022-08-29,2022-09-04,35,weekday,Bank,Chinook|Coho_Adult|Jack_AD|UM_Kept,PE,catch,number_observations,2,week
F2F6589E-058A-4214-ACD7-EA0467160577,District 11,Puyallup_Carbon salmon 2022,3,2022-08-29,2022-09-04,35,weekday,Bank,Chinook|Coho_Adult|Jack_AD|UM_Kept,PE,catch,daily_mean,100.51650000000001,week
F2F6589E-058A-4214-ACD7-EA0467160577,District 11,Puyallup_Carbon salmon 2022,3,2022-08-29,2022-09-04,35,weekday,Bank,Chinook|Coho_Adult|Jack_AD|UM_Kept,PE,catch,daily_variance,723.9393005000001,week
F2F6589E-058A-4214-ACD7-EA0467160577,District 11,Puyallup_Carbon salmon 2022,3,2022-08-29,2022-09-04,35,weekday,Bank,Chinook|Coho_Adult|Jack_AD|UM_Kept,PE,catch,days_open,5,week
F2F6589E-058A-4214-ACD7-EA0467160577,District 11,Puyallup_Carbon salmon 2022,3,2022-08-29,2022-09-04,35,weekday,Bank,Chinook|Coho_Adult|Jack_AD|UM_Kept,PE,catch,degrees_freedom,8.5,week
F2F6589E-058A-4214-ACD7-EA0467160577,District 11,Puyallup_Carbon salmon 2022,3,2022-08-29,2022-09-04,35,weekday,Bank,Chinook|Coho_Adult|Jack_AD|UM_Kept,PE,catch,total_catch,502.58250000000004,week
F2F6589E-058A-4214-ACD7-EA0467160577,District 11,Puyallup_Carbon salmon 2022,3,2022-08-29,2022-09-04,35,weekend,Bank,Chinook|Coho_Adult|Jack_AD|UM_Kept,PE,catch,number_observations,1,week
F2F6589E-058A-4214-ACD7-EA0467160577,District 11,Puyallup_Carbon salmon 2022,3,2022-08-29,2022-09-04,35,weekend,Bank,Chinook|Coho_Adult|Jack_AD|UM_Kept,PE,catch,daily_mean,99.396,week
F2F6589E-058A-4214-ACD7-EA0467160577,District 11,Puyallup_Carbon salmon 2022,3,2022-08-29,2022-09-04,35,weekend,Bank,Chinook|Coho_Adult|Jack_AD|UM_Kept,PE,catch,daily_variance,0,week
F2F6589E-058A-4214-ACD7-EA0467160577,District 11,Puyallup_Carbon salmon 2022,3,2022-08-29,2022-09-04,35,weekend,Bank,Chinook|Coho_Adult|Jack_AD|UM_Kept,PE,catch,days_open,1,week
F2F6589E-058A-4214-ACD7-EA0467160577,District 11,Puyallup_Carbon salmon 2022,3,2022-08-29,2022-09-04,35,weekend,Bank,Chinook|Coho_Adult|Jack_AD|UM_Kept,PE,catch,degrees_freedom,8.5,week
F2F6589E-058A-4214-ACD7-EA0467160577,District 11,Puyallup_Carbon salmon 2022,3,2022-08-29,2022-09-04,35,weekend,Bank,Chinook|Coho_Adult|Jack_AD|UM_Kept,PE,catch,total_catch,99.396,week
F2F6589E-058A-4214-ACD7-EA0467160577,District 11,Puyallup_Carbon salmon 2022,3,2022-09-05,2022-09-11,36,weekday,Bank,Chinook|Coho_Adult|Jack_AD|UM_Kept,PE,catch,number_observations,2,week
F2F6589E-058A-4214-ACD7-EA0467160577,District 11,Puyallup_Carbon salmon 2022,3,2022-09-05,2022-09-11,36,weekday,Bank,Chinook|Coho_Adult|Jack_AD|UM_Kept,PE,catch,daily_mean,57.59400000000001,week
F2F6589E-058A-4214-ACD7-EA0467160577,District 11,Puyallup_Carbon salmon 2022,3,2022-09-05,2022-09-11,36,weekday,Bank,Chinook|Coho_Adult|Jack_AD|UM_Kept,PE,catch,daily_variance,160.59904200000008,week
F2F6589E-058A-4214-ACD7-EA0467160577,District 11,Puyallup_Carbon salmon 2022,3,2022-09-05,2022-09-11,36,weekday,Bank,Chinook|Coho_Adult|Jack_AD|UM_Kept,PE,catch,days_open,3,week
F2F6589E-058A-4214-ACD7-EA0467160577,District 11,Puyallup_Carbon salmon 2022,3,2022-09-05,2022-09-11,36,weekday,Bank,Chinook|Coho_Adult|Jack_AD|UM_Kept,PE,catch,degrees_freedom,8.5,week
F2F6589E-058A-4214-ACD7-EA0467160577,District 11,Puyallup_Carbon salmon 2022,3,2022-09-05,2022-09-11,36,weekday,Bank,Chinook|Coho_Adult|Jack_AD|UM_Kept,PE,catch,total_catch,172.78200000000004,week
F2F6589E-058A-4214-ACD7-EA0467160577,District 11,Puyallup_Carbon salmon 2022,3,2022-09-05,2022-09-11,36,weekend,Bank,Chinook|Coho_Adult|Jack_AD|UM_Kept,PE,catch,number_observations,1,week
F2F6589E-058A-4214-ACD7-EA0467160577,District 11,Puyallup_Carbon salmon 2022,3,2022-09-05,2022-09-11,36,weekend,Bank,Chinook|Coho_Adult|Jack_AD|UM_Kept,PE,catch,daily_mean,65.542,week
F2F6589E-058A-4214-ACD7-EA0467160577,District 11,Puyallup_Carbon salmon 2022,3,2022-09-05,2022-09-11,36,weekend,Bank,Chinook|Coho_Adult|Jack_AD|UM_Kept,PE,catch,daily_variance,0,week
F2F6589E-058A-4214-ACD7-EA0467160577,District 11,Puyallup_Carbon salmon 2022,3,2022-09-05,2022-09-11,36,weekend,Bank,Chinook|Coho_Adult|Jack_AD|UM_Kept,PE,catch,days_open,1,week
F2F6589E-058A-4214-ACD7-EA0467160577,District 11,Puyallup_Carbon salmon 2022,3,2022-09-05,2022-09-11,36,weekend,Bank,Chinook|Coho_Adult|Jack_AD|UM_Kept,PE,catch,degrees_freedom,8.5,week
F2F6589E-058A-4214-ACD7-EA0467160577,District 11,Puyallup_Carbon salmon 2022,3,2022-09-05,2022-09-11,36,weekend,Bank,Chinook|Coho_Adult|Jack_AD|UM_Kept,PE,catch,total_catch,65.542,week
F2F6589E-058A-4214-ACD7-EA0467160577,District 11,Puyallup_Carbon salmon 2022,3,2022-09-12,2022-09-18,37,weekday,Bank,Chinook|Coho_Adult|Jack_AD|UM_Kept,PE,catch,number_observations,3,week
F2F6589E-058A-4214-ACD7-EA0467160577,District 11,Puyallup_Carbon salmon 2022,3,2022-09-12,2022-09-18,37,weekday,Bank,Chinook|Coho_Adult|Jack_AD|UM_Kept,PE,catch,daily_mean,55.70733333333333,week
F2F6589E-058A-4214-ACD7-EA0467160577,District 11,Puyallup_Carbon salmon 2022,3,2022-09-12,2022-09-18,37,weekday,Bank,Chinook|Coho_Adult|Jack_AD|UM_Kept,PE,catch,daily_variance,311.2633543333332,week
F2F6589E-058A-4214-ACD7-EA0467160577,District 11,Puyallup_Carbon salmon 2022,3,2022-09-12,2022-09-18,37,weekday,Bank,Chinook|Coho_Adult|Jack_AD|UM_Kept,PE,catch,days_open,3,week
F2F6589E-058A-4214-ACD7-EA0467160577,District 11,Puyallup_Carbon salmon 2022,3,2022-09-12,2022-09-18,37,weekday,Bank,Chinook|Coho_Adult|Jack_AD|UM_Kept,PE,catch,degrees_freedom,8.5,week
F2F6589E-058A-4214-ACD7-EA0467160577,District 11,Puyallup_Carbon salmon 2022,3,2022-09-12,2022-09-18,37,weekday,Bank,Chinook|Coho_Adult|Jack_AD|UM_Kept,PE,catch,total_catch,167.12199999999999,week
F2F6589E-058A-4214-ACD7-EA0467160577,District 11,Puyallup_Carbon salmon 2022,3,2022-09-12,2022-09-18,37,weekend,Bank,Chinook|Coho_Adult|Jack_AD|UM_Kept,PE,catch,number_observations,1,week
F2F6589E-058A-4214-ACD7-EA0467160577,District 11,Puyallup_Carbon salmon 2022,3,2022-09-12,2022-09-18,37,weekend,Bank,Chinook|Coho_Adult|Jack_AD|UM_Kept,PE,catch,daily_mean,29.672,week
F2F6589E-058A-4214-ACD7-EA0467160577,District 11,Puyallup_Carbon salmon 2022,3,2022-09-12,2022-09-18,37,weekend,Bank,Chinook|Coho_Adult|Jack_AD|UM_Kept,PE,catch,daily_variance,0,week
F2F6589E-058A-4214-ACD7-EA0467160577,District 11,Puyallup_Carbon salmon 2022,3,2022-09-12,2022-09-18,37,weekend,Bank,Chinook|Coho_Adult|Jack_AD|UM_Kept,PE,catch,days_open,1,week
F2F6589E-058A-4214-ACD7-EA0467160577,District 11,Puyallup_Carbon salmon 2022,3,2022-09-12,2022-09-18,37,weekend,Bank,Chinook|Coho_Adult|Jack_AD|UM_Kept,PE,catch,degrees_freedom,8.5,week
F2F6589E-058A-4214-ACD7-EA0467160577,District 11,Puyallup_Carbon salmon 2022,3,2022-09-12,2022-09-18,37,weekend,Bank,Chinook|Coho_Adult|Jack_AD|UM_Kept,PE,catch,total_catch,29.672,week
F2F6589E-058A-4214-ACD7-EA0467160577,District 11,Puyallup_Carbon salmon 2022,3,2022-09-19,2022-09-25,38,weekday,Bank,Chinook|Coho_Adult|Jack_AD|UM_Kept,PE,catch,number_observations,2,week
F2F6589E-058A-4214-ACD7-EA0467160577,District 11,Puyallup_Carbon salmon 2022,3,2022-09-19,2022-09-25,38,weekday,Bank,Chinook|Coho_Adult|Jack_AD|UM_Kept,PE,catch,daily_mean,58.9795,week
F2F6589E-058A-4214-ACD7-EA0467160577,District 11,Puyallup_Carbon salmon 2022,3,2022-09-19,2022-09-25,38,weekday,Bank,Chinook|Coho_Adult|Jack_AD|UM_Kept,PE,catch,daily_variance,265.8126244999999,week
F2F6589E-058A-4214-ACD7-EA0467160577,District 11,Puyallup_Carbon salmon 2022,3,2022-09-19,2022-09-25,38,weekday,Bank,Chinook|Coho_Adult|Jack_AD|UM_Kept,PE,catch,days_open,3,week
F2F6589E-058A-4214-ACD7-EA0467160577,District 11,Puyallup_Carbon salmon 2022,3,2022-09-19,2022-09-25,38,weekday,Bank,Chinook|Coho_Adult|Jack_AD|UM_Kept,PE,catch,degrees_freedom,8.5,week
F2F6589E-058A-4214-ACD7-EA0467160577,District 11,Puyallup_Carbon salmon 2022,3,2022-09-19,2022-09-25,38,weekday,Bank,Chinook|Coho_Adult|Jack_AD|UM_Kept,PE,catch,total_catch,176.9385,week
F2F6589E-058A-4214-ACD7-EA0467160577,District 11,Puyallup_Carbon salmon 2022,3,2022-09-19,2022-09-25,38,weekend,Bank,Chinook|Coho_Adult|Jack_AD|UM_Kept,PE,catch,number_observations,1,week
F2F6589E-058A-4214-ACD7-EA0467160577,District 11,Puyallup_Carbon salmon 2022,3,2022-09-19,2022-09-25,38,weekend,Bank,Chinook|Coho_Adult|Jack_AD|UM_Kept,PE,catch,daily_mean,7.719,week
F2F6589E-058A-4214-ACD7-EA0467160577,District 11,Puyallup_Carbon salmon 2022,3,2022-09-19,2022-09-25,38,weekend,Bank,Chinook|Coho_Adult|Jack_AD|UM_Kept,PE,catch,daily_variance,0,week
F2F6589E-058A-4214-ACD7-EA0467160577,District 11,Puyallup_Carbon salmon 2022,3,2022-09-19,2022-09-25,38,weekend,Bank,Chinook|Coho_Adult|Jack_AD|UM_Kept,PE,catch,days_open,1,week
F2F6589E-058A-4214-ACD7-EA0467160577,District 11,Puyallup_Carbon salmon 2022,3,2022-09-19,2022-09-25,38,weekend,Bank,Chinook|Coho_Adult|Jack_AD|UM_Kept,PE,catch,degrees_freedom,8.5,week
F2F6589E-058A-4214-ACD7-EA0467160577,District 11,Puyallup_Carbon salmon 2022,3,2022-09-19,2022-09-25,38,weekend,Bank,Chinook|Coho_Adult|Jack_AD|UM_Kept,PE,catch,total_catch,7.719,week
F2F6589E-058A-4214-ACD7-EA0467160577,District 11,Puyallup_Carbon salmon 2022,3,2022-09-26,2022-09-30,39,weekday,Bank,Chinook|Coho_Adult|Jack_AD|UM_Kept,PE,catch,number_observations,3,week
F2F6589E-058A-4214-ACD7-EA0467160577,District 11,Puyallup_Carbon salmon 2022,3,2022-09-26,2022-09-30,39,weekday,Bank,Chinook|Coho_Adult|Jack_AD|UM_Kept,PE,catch,daily_mean,10.640666666666668,week
F2F6589E-058A-4214-ACD7-EA0467160577,District 11,Puyallup_Carbon salmon 2022,3,2022-09-26,2022-09-30,39,weekday,Bank,Chinook|Coho_Adult|Jack_AD|UM_Kept,PE,catch,daily_variance,135.96886533333335,week
F2F6589E-058A-4214-ACD7-EA0467160577,District 11,Puyallup_Carbon salmon 2022,3,2022-09-26,2022-09-30,39,weekday,Bank,Chinook|Coho_Adult|Jack_AD|UM_Kept,PE,catch,days_open,3,week
F2F6589E-058A-4214-ACD7-EA0467160577,District 11,Puyallup_Carbon salmon 2022,3,2022-09-26,2022-09-30,39,weekday,Bank,Chinook|Coho_Adult|Jack_AD|UM_Kept,PE,catch,degrees_freedom,8.5,week
F2F6589E-058A-4214-ACD7-EA0467160577,District 11,Puyallup_Carbon salmon 2022,3,2022-09-26,2022-09-30,39,weekday,Bank,Chinook|Coho_Adult|Jack_AD|UM_Kept,PE,catch,total_catch,31.922000000000004,week
F2F6589E-058A-4214-ACD7-EA0467160577,District 11,Puyallup_Carbon salmon 2022,1,2022-08-16,2022-08-21,33,weekday,Bank,NA,PE,effort,number_observations,3,week
F2F6589E-058A-4214-ACD7-EA0467160577,District 11,Puyallup_Carbon salmon 2022,1,2022-08-16,2022-08-21,33,weekday,Bank,NA,PE,effort,daily_mean,4568.13887841153,week
F2F6589E-058A-4214-ACD7-EA0467160577,District 11,Puyallup_Carbon salmon 2022,1,2022-08-16,2022-08-21,33,weekday,Bank,NA,PE,effort,daily_variance,787739.513274313,week
F2F6589E-058A-4214-ACD7-EA0467160577,District 11,Puyallup_Carbon salmon 2022,1,2022-08-16,2022-08-21,33,weekday,Bank,NA,PE,effort,days_open,4,week
F2F6589E-058A-4214-ACD7-EA0467160577,District 11,Puyallup_Carbon salmon 2022,1,2022-08-16,2022-08-21,33,weekday,Bank,NA,PE,effort,degrees_freedom,12.5,week
F2F6589E-058A-4214-ACD7-EA0467160577,District 11,Puyallup_Carbon salmon 2022,1,2022-08-16,2022-08-21,33,weekday,Bank,NA,PE,effort,total_effort,18272.55551364612,week
F2F6589E-058A-4214-ACD7-EA0467160577,District 11,Puyallup_Carbon salmon 2022,1,2022-08-16,2022-08-21,33,weekend,Bank,NA,PE,effort,number_observations,0,week
F2F6589E-058A-4214-ACD7-EA0467160577,District 11,Puyallup_Carbon salmon 2022,1,2022-08-16,2022-08-21,33,weekend,Bank,NA,PE,effort,daily_variance,0,week
F2F6589E-058A-4214-ACD7-EA0467160577,District 11,Puyallup_Carbon salmon 2022,1,2022-08-16,2022-08-21,33,weekend,Bank,NA,PE,effort,days_open,1,week
F2F6589E-058A-4214-ACD7-EA0467160577,District 11,Puyallup_Carbon salmon 2022,1,2022-08-16,2022-08-21,33,weekend,Bank,NA,PE,effort,degrees_freedom,12.5,week
F2F6589E-058A-4214-ACD7-EA0467160577,District 11,Puyallup_Carbon salmon 2022,1,2022-08-22,2022-08-28,34,weekday,Bank,NA,PE,effort,number_observations,3,week
F2F6589E-058A-4214-ACD7-EA0467160577,District 11,Puyallup_Carbon salmon 2022,1,2022-08-22,2022-08-28,34,weekday,Bank,NA,PE,effort,daily_mean,2848.0044089236426,week
F2F6589E-058A-4214-ACD7-EA0467160577,District 11,Puyallup_Carbon salmon 2022,1,2022-08-22,2022-08-28,34,weekday,Bank,NA,PE,effort,daily_variance,1144819.6706811548,week
F2F6589E-058A-4214-ACD7-EA0467160577,District 11,Puyallup_Carbon salmon 2022,1,2022-08-22,2022-08-28,34,weekday,Bank,NA,PE,effort,days_open,3,week
F2F6589E-058A-4214-ACD7-EA0467160577,District 11,Puyallup_Carbon salmon 2022,1,2022-08-22,2022-08-28,34,weekday,Bank,NA,PE,effort,degrees_freedom,12.5,week
F2F6589E-058A-4214-ACD7-EA0467160577,District 11,Puyallup_Carbon salmon 2022,1,2022-08-22,2022-08-28,34,weekday,Bank,NA,PE,effort,total_effort,8544.013226770927,week
F2F6589E-058A-4214-ACD7-EA0467160577,District 11,Puyallup_Carbon salmon 2022,1,2022-08-22,2022-08-28,34,weekend,Bank,NA,PE,effort,number_observations,1,week
F2F6589E-058A-4214-ACD7-EA0467160577,District 11,Puyallup_Carbon salmon 2022,1,2022-08-22,2022-08-28,34,weekend,Bank,NA,PE,effort,daily_mean,4202.912228610856,week
F2F6589E-058A-4214-ACD7-EA0467160577,District 11,Puyallup_Carbon salmon 2022,1,2022-08-22,2022-08-28,34,weekend,Bank,NA,PE,effort,daily_variance,0,week
F2F6589E-058A-4214-ACD7-EA0467160577,District 11,Puyallup_Carbon salmon 2022,1,2022-08-22,2022-08-28,34,weekend,Bank,NA,PE,effort,days_open,1,week
F2F6589E-058A-4214-ACD7-EA0467160577,District 11,Puyallup_Carbon salmon 2022,1,2022-08-22,2022-08-28,34,weekend,Bank,NA,PE,effort,degrees_freedom,12.5,week
F2F6589E-058A-4214-ACD7-EA0467160577,District 11,Puyallup_Carbon salmon 2022,1,2022-08-22,2022-08-28,34,weekend,Bank,NA,PE,effort,total_effort,4202.912228610856,week
F2F6589E-058A-4214-ACD7-EA0467160577,District 11,Puyallup_Carbon salmon 2022,1,2022-08-29,2022-09-04,35,weekday,Bank,NA,PE,effort,number_observations,3,week
F2F6589E-058A-4214-ACD7-EA0467160577,District 11,Puyallup_Carbon salmon 2022,1,2022-08-29,2022-09-04,35,weekday,Bank,NA,PE,effort,daily_mean,3366.9633463661453,week
F2F6589E-058A-4214-ACD7-EA0467160577,District 11,Puyallup_Carbon salmon 2022,1,2022-08-29,2022-09-04,35,weekday,Bank,NA,PE,effort,daily_variance,72101.18183310945,week
F2F6589E-058A-4214-ACD7-EA0467160577,District 11,Puyallup_Carbon salmon 2022,1,2022-08-29,2022-09-04,35,weekday,Bank,NA,PE,effort,days_open,3,week
F2F6589E-058A-4214-ACD7-EA0467160577,District 11,Puyallup_Carbon salmon 2022,1,2022-08-29,2022-09-04,35,weekday,Bank,NA,PE,effort,degrees_freedom,12.5,week
F2F6589E-058A-4214-ACD7-EA0467160577,District 11,Puyallup_Carbon salmon 2022,1,2022-08-29,2022-09-04,35,weekday,Bank,NA,PE,effort,total_effort,10100.890039098436,week
F2F6589E-058A-4214-ACD7-EA0467160577,District 11,Puyallup_Carbon salmon 2022,1,2022-08-29,2022-09-04,35,weekend,Bank,NA,PE,effort,number_observations,1,week
F2F6589E-058A-4214-ACD7-EA0467160577,District 11,Puyallup_Carbon salmon 2022,1,2022-08-29,2022-09-04,35,weekend,Bank,NA,PE,effort,daily_mean,3991.9159153633855,week
F2F6589E-058A-4214-ACD7-EA0467160577,District 11,Puyallup_Carbon salmon 2022,1,2022-08-29,2022-09-04,35,weekend,Bank,NA,PE,effort,daily_variance,0,week
F2F6589E-058A-4214-ACD7-EA0467160577,District 11,Puyallup_Carbon salmon 2022,1,2022-08-29,2022-09-04,35,weekend,Bank,NA,PE,effort,days_open,1,week
F2F6589E-058A-4214-ACD7-EA0467160577,District 11,Puyallup_Carbon salmon 2022,1,2022-08-29,2022-09-04,35,weekend,Bank,NA,PE,effort,degrees_freedom,12.5,week
F2F6589E-058A-4214-ACD7-EA0467160577,District 11,Puyallup_Carbon salmon 2022,1,2022-08-29,2022-09-04,35,weekend,Bank,NA,PE,effort,total_effort,3991.9159153633855,week
F2F6589E-058A-4214-ACD7-EA0467160577,District 11,Puyallup_Carbon salmon 2022,1,2022-09-05,2022-09-11,36,weekday,Bank,NA,PE,effort,number_observations,2,week
F2F6589E-058A-4214-ACD7-EA0467160577,District 11,Puyallup_Carbon salmon 2022,1,2022-09-05,2022-09-11,36,weekday,Bank,NA,PE,effort,daily_mean,1887.0179461821526,week
F2F6589E-058A-4214-ACD7-EA0467160577,District 11,Puyallup_Carbon salmon 2022,1,2022-09-05,2022-09-11,36,weekday,Bank,NA,PE,effort,daily_variance,3317.0591177599663,week
F2F6589E-058A-4214-ACD7-EA0467160577,District 11,Puyallup_Carbon salmon 2022,1,2022-09-05,2022-09-11,36,weekday,Bank,NA,PE,effort,days_open,3,week
F2F6589E-058A-4214-ACD7-EA0467160577,District 11,Puyallup_Carbon salmon 2022,1,2022-09-05,2022-09-11,36,weekday,Bank,NA,PE,effort,degrees_freedom,12.5,week
F2F6589E-058A-4214-ACD7-EA0467160577,District 11,Puyallup_Carbon salmon 2022,1,2022-09-05,2022-09-11,36,weekday,Bank,NA,PE,effort,total_effort,5661.053838546458,week
F2F6589E-058A-4214-ACD7-EA0467160577,District 11,Puyallup_Carbon salmon 2022,1,2022-09-05,2022-09-11,36,weekend,Bank,NA,PE,effort,number_observations,1,week
F2F6589E-058A-4214-ACD7-EA0467160577,District 11,Puyallup_Carbon salmon 2022,1,2022-09-05,2022-09-11,36,weekend,Bank,NA,PE,effort,daily_mean,3395.5713201471945,week
F2F6589E-058A-4214-ACD7-EA0467160577,District 11,Puyallup_Carbon salmon 2022,1,2022-09-05,2022-09-11,36,weekend,Bank,NA,PE,effort,daily_variance,0,week
F2F6589E-058A-4214-ACD7-EA0467160577,District 11,Puyallup_Carbon salmon 2022,1,2022-09-05,2022-09-11,36,weekend,Bank,NA,PE,effort,days_open,1,week
F2F6589E-058A-4214-ACD7-EA0467160577,District 11,Puyallup_Carbon salmon 2022,1,2022-09-05,2022-09-11,36,weekend,Bank,NA,PE,effort,degrees_freedom,12.5,week
F2F6589E-058A-4214-ACD7-EA0467160577,District 11,Puyallup_Carbon salmon 2022,1,2022-09-05,2022-09-11,36,weekend,Bank,NA,PE,effort,total_effort,3395.5713201471945,week
F2F6589E-058A-4214-ACD7-EA0467160577,District 11,Puyallup_Carbon salmon 2022,1,2022-09-12,2022-09-18,37,weekday,Bank,NA,PE,effort,number_observations,3,week
F2F6589E-058A-4214-ACD7-EA0467160577,District 11,Puyallup_Carbon salmon 2022,1,2022-09-12,2022-09-18,37,weekday,Bank,NA,PE,effort,daily_mean,1977.5335234590616,week
F2F6589E-058A-4214-ACD7-EA0467160577,District 11,Puyallup_Carbon salmon 2022,1,2022-09-12,2022-09-18,37,weekday,Bank,NA,PE,effort,daily_variance,133952.06442153547,week
F2F6589E-058A-4214-ACD7-EA0467160577,District 11,Puyallup_Carbon salmon 2022,1,2022-09-12,2022-09-18,37,weekday,Bank,NA,PE,effort,days_open,3,week
F2F6589E-058A-4214-ACD7-EA0467160577,District 11,Puyallup_Carbon salmon 2022,1,2022-09-12,2022-09-18,37,weekday,Bank,NA,PE,effort,degrees_freedom,12.5,week
F2F6589E-058A-4214-ACD7-EA0467160577,District 11,Puyallup_Carbon salmon 2022,1,2022-09-12,2022-09-18,37,weekday,Bank,NA,PE,effort,total_effort,5932.600570377184,week
F2F6589E-058A-4214-ACD7-EA0467160577,District 11,Puyallup_Carbon salmon 2022,1,2022-09-12,2022-09-18,37,weekend,Bank,NA,PE,effort,number_observations,1,week
F2F6589E-058A-4214-ACD7-EA0467160577,District 11,Puyallup_Carbon salmon 2022,1,2022-09-12,2022-09-18,37,weekend,Bank,NA,PE,effort,daily_mean,1913.173626954922,week
F2F6589E-058A-4214-ACD7-EA0467160577,District 11,Puyallup_Carbon salmon 2022,1,2022-09-12,2022-09-18,37,weekend,Bank,NA,PE,effort,daily_variance,0,week
F2F6589E-058A-4214-ACD7-EA0467160577,District 11,Puyallup_Carbon salmon 2022,1,2022-09-12,2022-09-18,37,weekend,Bank,NA,PE,effort,days_open,1,week
F2F6589E-058A-4214-ACD7-EA0467160577,District 11,Puyallup_Carbon salmon 2022,1,2022-09-12,2022-09-18,37,weekend,Bank,NA,PE,effort,degrees_freedom,12.5,week
F2F6589E-058A-4214-ACD7-EA0467160577,District 11,Puyallup_Carbon salmon 2022,1,2022-09-12,2022-09-18,37,weekend,Bank,NA,PE,effort,total_effort,1913.173626954922,week
F2F6589E-058A-4214-ACD7-EA0467160577,District 11,Puyallup_Carbon salmon 2022,1,2022-09-19,2022-09-25,38,weekday,Bank,NA,PE,effort,number_observations,3,week
F2F6589E-058A-4214-ACD7-EA0467160577,District 11,Puyallup_Carbon salmon 2022,1,2022-09-19,2022-09-25,38,weekday,Bank,NA,PE,effort,daily_mean,850.2626320147194,week
F2F6589E-058A-4214-ACD7-EA0467160577,District 11,Puyallup_Carbon salmon 2022,1,2022-09-19,2022-09-25,38,weekday,Bank,NA,PE,effort,daily_variance,4395.995019027197,week
F2F6589E-058A-4214-ACD7-EA0467160577,District 11,Puyallup_Carbon salmon 2022,1,2022-09-19,2022-09-25,38,weekday,Bank,NA,PE,effort,days_open,3,week
F2F6589E-058A-4214-ACD7-EA0467160577,District 11,Puyallup_Carbon salmon 2022,1,2022-09-19,2022-09-25,38,weekday,Bank,NA,PE,effort,degrees_freedom,12.5,week
F2F6589E-058A-4214-ACD7-EA0467160577,District 11,Puyallup_Carbon salmon 2022,1,2022-09-19,2022-09-25,38,weekday,Bank,NA,PE,effort,total_effort,2550.7878960441585,week
F2F6589E-058A-4214-ACD7-EA0467160577,District 11,Puyallup_Carbon salmon 2022,1,2022-09-19,2022-09-25,38,weekend,Bank,NA,PE,effort,number_observations,1,week
F2F6589E-058A-4214-ACD7-EA0467160577,District 11,Puyallup_Carbon salmon 2022,1,2022-09-19,2022-09-25,38,weekend,Bank,NA,PE,effort,daily_mean,921.8560832566698,week
F2F6589E-058A-4214-ACD7-EA0467160577,District 11,Puyallup_Carbon salmon 2022,1,2022-09-19,2022-09-25,38,weekend,Bank,NA,PE,effort,daily_variance,0,week
F2F6589E-058A-4214-ACD7-EA0467160577,District 11,Puyallup_Carbon salmon 2022,1,2022-09-19,2022-09-25,38,weekend,Bank,NA,PE,effort,days_open,1,week
F2F6589E-058A-4214-ACD7-EA0467160577,District 11,Puyallup_Carbon salmon 2022,1,2022-09-19,2022-09-25,38,weekend,Bank,NA,PE,effort,degrees_freedom,12.5,week
F2F6589E-058A-4214-ACD7-EA0467160577,District 11,Puyallup_Carbon salmon 2022,1,2022-09-19,2022-09-25,38,weekend,Bank,NA,PE,effort,total_effort,921.8560832566698,week
F2F6589E-058A-4214-ACD7-EA0467160577,District 11,Puyallup_Carbon salmon 2022,1,2022-09-26,2022-09-30,39,weekday,Bank,NA,PE,effort,number_observations,3,week
F2F6589E-058A-4214-ACD7-EA0467160577,District 11,Puyallup_Carbon salmon 2022,1,2022-09-26,2022-09-30,39,weekday,Bank,NA,PE,effort,daily_mean,410.19393054277833,week
F2F6589E-058A-4214-ACD7-EA0467160577,District 11,Puyallup_Carbon salmon 2022,1,2022-09-26,2022-09-30,39,weekday,Bank,NA,PE,effort,daily_variance,9175.250294949403,week
F2F6589E-058A-4214-ACD7-EA0467160577,District 11,Puyallup_Carbon salmon 2022,1,2022-09-26,2022-09-30,39,weekday,Bank,NA,PE,effort,days_open,3,week
F2F6589E-058A-4214-ACD7-EA0467160577,District 11,Puyallup_Carbon salmon 2022,1,2022-09-26,2022-09-30,39,weekday,Bank,NA,PE,effort,degrees_freedom,12.5,week
F2F6589E-058A-4214-ACD7-EA0467160577,District 11,Puyallup_Carbon salmon 2022,1,2022-09-26,2022-09-30,39,weekday,Bank,NA,PE,effort,total_effort,1230.581791628335,week
F2F6589E-058A-4214-ACD7-EA0467160577,District 11,Puyallup_Carbon salmon 2022,2,2022-08-16,2022-08-21,33,weekday,Bank,NA,PE,effort,number_observations,3,week
F2F6589E-058A-4214-ACD7-EA0467160577,District 11,Puyallup_Carbon salmon 2022,2,2022-08-16,2022-08-21,33,weekday,Bank,NA,PE,effort,daily_mean,872.7013365532046,week
F2F6589E-058A-4214-ACD7-EA0467160577,District 11,Puyallup_Carbon salmon 2022,2,2022-08-16,2022-08-21,33,weekday,Bank,NA,PE,effort,daily_variance,45693.756653791046,week
F2F6589E-058A-4214-ACD7-EA0467160577,District 11,Puyallup_Carbon salmon 2022,2,2022-08-16,2022-08-21,33,weekday,Bank,NA,PE,effort,days_open,4,week
F2F6589E-058A-4214-ACD7-EA0467160577,District 11,Puyallup_Carbon salmon 2022,2,2022-08-16,2022-08-21,33,weekday,Bank,NA,PE,effort,degrees_freedom,12.5,week
F2F6589E-058A-4214-ACD7-EA0467160577,District 11,Puyallup_Carbon salmon 2022,2,2022-08-16,2022-08-21,33,weekday,Bank,NA,PE,effort,total_effort,3490.805346212818,week
F2F6589E-058A-4214-ACD7-EA0467160577,District 11,Puyallup_Carbon salmon 2022,2,2022-08-16,2022-08-21,33,weekend,Bank,NA,PE,effort,number_observations,0,week
F2F6589E-058A-4214-ACD7-EA0467160577,District 11,Puyallup_Carbon salmon 2022,2,2022-08-16,2022-08-21,33,weekend,Bank,NA,PE,effort,daily_variance,0,week
F2F6589E-058A-4214-ACD7-EA0467160577,District 11,Puyallup_Carbon salmon 2022,2,2022-08-16,2022-08-21,33,weekend,Bank,NA,PE,effort,days_open,1,week
F2F6589E-058A-4214-ACD7-EA0467160577,District 11,Puyallup_Carbon salmon 2022,2,2022-08-16,2022-08-21,33,weekend,Bank,NA,PE,effort,degrees_freedom,12.5,week
F2F6589E-058A-4214-ACD7-EA0467160577,District 11,Puyallup_Carbon salmon 2022,2,2022-08-22,2022-08-28,34,weekday,Bank,NA,PE,effort,number_observations,3,week
F2F6589E-058A-4214-ACD7-EA0467160577,District 11,Puyallup_Carbon salmon 2022,2,2022-08-22,2022-08-28,34,weekday,Bank,NA,PE,effort,daily_mean,908.0577759889604,week
F2F6589E-058A-4214-ACD7-EA0467160577,District 11,Puyallup_Carbon salmon 2022,2,2022-08-22,2022-08-28,34,weekday,Bank,NA,PE,effort,daily_variance,13009.376944532169,week
F2F6589E-058A-4214-ACD7-EA0467160577,District 11,Puyallup_Carbon salmon 2022,2,2022-08-22,2022-08-28,34,weekday,Bank,NA,PE,effort,days_open,3,week
F2F6589E-058A-4214-ACD7-EA0467160577,District 11,Puyallup_Carbon salmon 2022,2,2022-08-22,2022-08-28,34,weekday,Bank,NA,PE,effort,degrees_freedom,12.5,week
F2F6589E-058A-4214-ACD7-EA0467160577,District 11,Puyallup_Carbon salmon 2022,2,2022-08-22,2022-08-28,34,weekday,Bank,NA,PE,effort,total_effort,2724.1733279668815,week
F2F6589E-058A-4214-ACD7-EA0467160577,District 11,Puyallup_Carbon salmon 2022,2,2022-08-22,2022-08-28,34,weekend,Bank,NA,PE,effort,number_observations,1,week
F2F6589E-058A-4214-ACD7-EA0467160577,District 11,Puyallup_Carbon salmon 2022,2,2022-08-22,2022-08-28,34,weekend,Bank,NA,PE,effort,daily_mean,1484.5451356945723,week
F2F6589E-058A-4214-ACD7-EA0467160577,District 11,Puyallup_Carbon salmon 2022,2,2022-08-22,2022-08-28,34,weekend,Bank,NA,PE,effort,daily_variance,0,week
F2F6589E-058A-4214-ACD7-EA0467160577,District 11,Puyallup_Carbon salmon 2022,2,2022-08-22,2022-08-28,34,weekend,Bank,NA,PE,effort,days_open,1,week
F2F6589E-058A-4214-ACD7-EA0467160577,District 11,Puyallup_Carbon salmon 2022,2,2022-08-22,2022-08-28,34,weekend,Bank,NA,PE,effort,degrees_freedom,12.5,week
F2F6589E-058A-4214-ACD7-EA0467160577,District 11,Puyallup_Carbon salmon 2022,2,2022-08-22,2022-08-28,34,weekend,Bank,NA,PE,effort,total_effort,1484.5451356945723,week
F2F6589E-058A-4214-ACD7-EA0467160577,District 11,Puyallup_Carbon salmon 2022,2,2022-08-29,2022-09-04,35,weekday,Bank,NA,PE,effort,number_observations,3,week
F2F6589E-058A-4214-ACD7-EA0467160577,District 11,Puyallup_Carbon salmon 2022,2,2022-08-29,2022-09-04,35,weekday,Bank,NA,PE,effort,daily_mean,890.3032543698251,week
F2F6589E-058A-4214-ACD7-EA0467160577,District 11,Puyallup_Carbon salmon 2022,2,2022-08-29,2022-09-04,35,weekday,Bank,NA,PE,effort,daily_variance,9498.987103800257,week
F2F6589E-058A-4214-ACD7-EA0467160577,District 11,Puyallup_Carbon salmon 2022,2,2022-08-29,2022-09-04,35,weekday,Bank,NA,PE,effort,days_open,3,week
F2F6589E-058A-4214-ACD7-EA0467160577,District 11,Puyallup_Carbon salmon 2022,2,2022-08-29,2022-09-04,35,weekday,Bank,NA,PE,effort,degrees_freedom,12.5,week
F2F6589E-058A-4214-ACD7-EA0467160577,District 11,Puyallup_Carbon salmon 2022,2,2022-08-29,2022-09-04,35,weekday,Bank,NA,PE,effort,total_effort,2670.9097631094755,week
F2F6589E-058A-4214-ACD7-EA0467160577,District 11,Puyallup_Carbon salmon 2022,2,2022-08-29,2022-09-04,35,weekend,Bank,NA,PE,effort,number_observations,1,week
F2F6589E-058A-4214-ACD7-EA0467160577,District 11,Puyallup_Carbon salmon 2022,2,2022-08-29,2022-09-04,35,weekend,Bank,NA,PE,effort,daily_mean,1279.13004599816,week
F2F6589E-058A-4214-ACD7-EA0467160577,District 11,Puyallup_Carbon salmon 2022,2,2022-08-29,2022-09-04,35,weekend,Bank,NA,PE,effort,daily_variance,0,week
F2F6589E-058A-4214-ACD7-EA0467160577,District 11,Puyallup_Carbon salmon 2022,2,2022-08-29,2022-09-04,35,weekend,Bank,NA,PE,effort,days_open,1,week
F2F6589E-058A-4214-ACD7-EA0467160577,District 11,Puyallup_Carbon salmon 2022,2,2022-08-29,2022-09-04,35,weekend,Bank,NA,PE,effort,degrees_freedom,12.5,week
F2F6589E-058A-4214-ACD7-EA0467160577,District 11,Puyallup_Carbon salmon 2022,2,2022-08-29,2022-09-04,35,weekend,Bank,NA,PE,effort,total_effort,1279.13004599816,week
F2F6589E-058A-4214-ACD7-EA0467160577,District 11,Puyallup_Carbon salmon 2022,2,2022-09-05,2022-09-11,36,weekday,Bank,NA,PE,effort,number_observations,2,week
F2F6589E-058A-4214-ACD7-EA0467160577,District 11,Puyallup_Carbon salmon 2022,2,2022-09-05,2022-09-11,36,weekday,Bank,NA,PE,effort,daily_mean,561.792564397424,week
F2F6589E-058A-4214-ACD7-EA0467160577,District 11,Puyallup_Carbon salmon 2022,2,2022-09-05,2022-09-11,36,weekday,Bank,NA,PE,effort,daily_variance,4087.4976648016304,week
F2F6589E-058A-4214-ACD7-EA0467160577,District 11,Puyallup_Carbon salmon 2022,2,2022-09-05,2022-09-11,36,weekday,Bank,NA,PE,effort,days_open,3,week
F2F6589E-058A-4214-ACD7-EA0467160577,District 11,Puyallup_Carbon salmon 2022,2,2022-09-05,2022-09-11,36,weekday,Bank,NA,PE,effort,degrees_freedom,12.5,week
F2F6589E-058A-4214-ACD7-EA0467160577,District 11,Puyallup_Carbon salmon 2022,2,2022-09-05,2022-09-11,36,weekday,Bank,NA,PE,effort,total_effort,1685.377693192272,week
F2F6589E-058A-4214-ACD7-EA0467160577,District 11,Puyallup_Carbon salmon 2022,2,2022-09-05,2022-09-11,36,weekend,Bank,NA,PE,effort,number_observations,1,week
F2F6589E-058A-4214-ACD7-EA0467160577,District 11,Puyallup_Carbon salmon 2022,2,2022-09-05,2022-09-11,36,weekend,Bank,NA,PE,effort,daily_mean,991.682566697332,week
F2F6589E-058A-4214-ACD7-EA0467160577,District 11,Puyallup_Carbon salmon 2022,2,2022-09-05,2022-09-11,36,weekend,Bank,NA,PE,effort,daily_variance,0,week
F2F6589E-058A-4214-ACD7-EA0467160577,District 11,Puyallup_Carbon salmon 2022,2,2022-09-05,2022-09-11,36,weekend,Bank,NA,PE,effort,days_open,1,week
F2F6589E-058A-4214-ACD7-EA0467160577,District 11,Puyallup_Carbon salmon 2022,2,2022-09-05,2022-09-11,36,weekend,Bank,NA,PE,effort,degrees_freedom,12.5,week
F2F6589E-058A-4214-ACD7-EA0467160577,District 11,Puyallup_Carbon salmon 2022,2,2022-09-05,2022-09-11,36,weekend,Bank,NA,PE,effort,total_effort,991.682566697332,week
F2F6589E-058A-4214-ACD7-EA0467160577,District 11,Puyallup_Carbon salmon 2022,2,2022-09-12,2022-09-18,37,weekday,Bank,NA,PE,effort,number_observations,3,week
F2F6589E-058A-4214-ACD7-EA0467160577,District 11,Puyallup_Carbon salmon 2022,2,2022-09-12,2022-09-18,37,weekday,Bank,NA,PE,effort,daily_mean,740.9419112235511,week
F2F6589E-058A-4214-ACD7-EA0467160577,District 11,Puyallup_Carbon salmon 2022,2,2022-09-12,2022-09-18,37,weekday,Bank,NA,PE,effort,daily_variance,43391.25064512345,week
F2F6589E-058A-4214-ACD7-EA0467160577,District 11,Puyallup_Carbon salmon 2022,2,2022-09-12,2022-09-18,37,weekday,Bank,NA,PE,effort,days_open,3,week
F2F6589E-058A-4214-ACD7-EA0467160577,District 11,Puyallup_Carbon salmon 2022,2,2022-09-12,2022-09-18,37,weekday,Bank,NA,PE,effort,degrees_freedom,12.5,week
F2F6589E-058A-4214-ACD7-EA0467160577,District 11,Puyallup_Carbon salmon 2022,2,2022-09-12,2022-09-18,37,weekday,Bank,NA,PE,effort,total_effort,2222.8257336706533,week
F2F6589E-058A-4214-ACD7-EA0467160577,District 11,Puyallup_Carbon salmon 2022,2,2022-09-12,2022-09-18,37,weekend,Bank,NA,PE,effort,number_observations,1,week
F2F6589E-058A-4214-ACD7-EA0467160577,District 11,Puyallup_Carbon salmon 2022,2,2022-09-12,2022-09-18,37,weekend,Bank,NA,PE,effort,daily_mean,941.3058739650414,week
F2F6589E-058A-4214-ACD7-EA0467160577,District 11,Puyallup_Carbon salmon 2022,2,2022-09-12,2022-09-18,37,weekend,Bank,NA,PE,effort,daily_variance,0,week
F2F6589E-058A-4214-ACD7-EA0467160577,District 11,Puyallup_Carbon salmon 2022,2,2022-09-12,2022-09-18,37,weekend,Bank,NA,PE,effort,days_open,1,week
F2F6589E-058A-4214-ACD7-EA0467160577,District 11,Puyallup_Carbon salmon 2022,2,2022-09-12,2022-09-18,37,weekend,Bank,NA,PE,effort,degrees_freedom,12.5,week
F2F6589E-058A-4214-ACD7-EA0467160577,District 11,Puyallup_Carbon salmon 2022,2,2022-09-12,2022-09-18,37,weekend,Bank,NA,PE,effort,total_effort,941.3058739650414,week
F2F6589E-058A-4214-ACD7-EA0467160577,District 11,Puyallup_Carbon salmon 2022,2,2022-09-19,2022-09-25,38,weekday,Bank,NA,PE,effort,number_observations,3,week
F2F6589E-058A-4214-ACD7-EA0467160577,District 11,Puyallup_Carbon salmon 2022,2,2022-09-19,2022-09-25,38,weekday,Bank,NA,PE,effort,daily_mean,611.3088960441582,week
F2F6589E-058A-4214-ACD7-EA0467160577,District 11,Puyallup_Carbon salmon 2022,2,2022-09-19,2022-09-25,38,weekday,Bank,NA,PE,effort,daily_variance,3642.262107734633,week
F2F6589E-058A-4214-ACD7-EA0467160577,District 11,Puyallup_Carbon salmon 2022,2,2022-09-19,2022-09-25,38,weekday,Bank,NA,PE,effort,days_open,3,week
F2F6589E-058A-4214-ACD7-EA0467160577,District 11,Puyallup_Carbon salmon 2022,2,2022-09-19,2022-09-25,38,weekday,Bank,NA,PE,effort,degrees_freedom,12.5,week
F2F6589E-058A-4214-ACD7-EA0467160577,District 11,Puyallup_Carbon salmon 2022,2,2022-09-19,2022-09-25,38,weekday,Bank,NA,PE,effort,total_effort,1833.9266881324747,week
F2F6589E-058A-4214-ACD7-EA0467160577,District 11,Puyallup_Carbon salmon 2022,2,2022-09-19,2022-09-25,38,weekend,Bank,NA,PE,effort,number_observations,1,week
F2F6589E-058A-4214-ACD7-EA0467160577,District 11,Puyallup_Carbon salmon 2022,2,2022-09-19,2022-09-25,38,weekend,Bank,NA,PE,effort,daily_mean,794.5804691812327,week
F2F6589E-058A-4214-ACD7-EA0467160577,District 11,Puyallup_Carbon salmon 2022,2,2022-09-19,2022-09-25,38,weekend,Bank,NA,PE,effort,daily_variance,0,week
F2F6589E-058A-4214-ACD7-EA0467160577,District 11,Puyallup_Carbon salmon 2022,2,2022-09-19,2022-09-25,38,weekend,Bank,NA,PE,effort,days_open,1,week
F2F6589E-058A-4214-ACD7-EA0467160577,District 11,Puyallup_Carbon salmon 2022,2,2022-09-19,2022-09-25,38,weekend,Bank,NA,PE,effort,degrees_freedom,12.5,week
F2F6589E-058A-4214-ACD7-EA0467160577,District 11,Puyallup_Carbon salmon 2022,2,2022-09-19,2022-09-25,38,weekend,Bank,NA,PE,effort,total_effort,794.5804691812327,week
F2F6589E-058A-4214-ACD7-EA0467160577,District 11,Puyallup_Carbon salmon 2022,2,2022-09-26,2022-09-30,39,weekday,Bank,NA,PE,effort,number_observations,3,week
F2F6589E-058A-4214-ACD7-EA0467160577,District 11,Puyallup_Carbon salmon 2022,2,2022-09-26,2022-09-30,39,weekday,Bank,NA,PE,effort,daily_mean,517.5581499540018,week
F2F6589E-058A-4214-ACD7-EA0467160577,District 11,Puyallup_Carbon salmon 2022,2,2022-09-26,2022-09-30,39,weekday,Bank,NA,PE,effort,daily_variance,20011.418430564958,week
F2F6589E-058A-4214-ACD7-EA0467160577,District 11,Puyallup_Carbon salmon 2022,2,2022-09-26,2022-09-30,39,weekday,Bank,NA,PE,effort,days_open,3,week
F2F6589E-058A-4214-ACD7-EA0467160577,District 11,Puyallup_Carbon salmon 2022,2,2022-09-26,2022-09-30,39,weekday,Bank,NA,PE,effort,degrees_freedom,12.5,week
F2F6589E-058A-4214-ACD7-EA0467160577,District 11,Puyallup_Carbon salmon 2022,2,2022-09-26,2022-09-30,39,weekday,Bank,NA,PE,effort,total_effort,1552.6744498620055,week
F2F6589E-058A-4214-ACD7-EA0467160577,District 11,Puyallup_Carbon salmon 2022,3,2022-08-16,2022-08-21,33,weekday,Bank,NA,PE,effort,number_observations,0,week
F2F6589E-058A-4214-ACD7-EA0467160577,District 11,Puyallup_Carbon salmon 2022,3,2022-08-16,2022-08-21,33,weekday,Bank,NA,PE,effort,daily_variance,0,week
F2F6589E-058A-4214-ACD7-EA0467160577,District 11,Puyallup_Carbon salmon 2022,3,2022-08-16,2022-08-21,33,weekday,Bank,NA,PE,effort,days_open,4,week
F2F6589E-058A-4214-ACD7-EA0467160577,District 11,Puyallup_Carbon salmon 2022,3,2022-08-16,2022-08-21,33,weekday,Bank,NA,PE,effort,degrees_freedom,8.5,week
F2F6589E-058A-4214-ACD7-EA0467160577,District 11,Puyallup_Carbon salmon 2022,3,2022-08-16,2022-08-21,33,weekend,Bank,NA,PE,effort,number_observations,0,week
F2F6589E-058A-4214-ACD7-EA0467160577,District 11,Puyallup_Carbon salmon 2022,3,2022-08-16,2022-08-21,33,weekend,Bank,NA,PE,effort,daily_variance,0,week
F2F6589E-058A-4214-ACD7-EA0467160577,District 11,Puyallup_Carbon salmon 2022,3,2022-08-16,2022-08-21,33,weekend,Bank,NA,PE,effort,days_open,2,week
F2F6589E-058A-4214-ACD7-EA0467160577,District 11,Puyallup_Carbon salmon 2022,3,2022-08-16,2022-08-21,33,weekend,Bank,NA,PE,effort,degrees_freedom,8.5,week
F2F6589E-058A-4214-ACD7-EA0467160577,District 11,Puyallup_Carbon salmon 2022,3,2022-08-22,2022-08-28,34,weekday,Bank,NA,PE,effort,number_observations,0,week
F2F6589E-058A-4214-ACD7-EA0467160577,District 11,Puyallup_Carbon salmon 2022,3,2022-08-22,2022-08-28,34,weekday,Bank,NA,PE,effort,daily_variance,0,week
F2F6589E-058A-4214-ACD7-EA0467160577,District 11,Puyallup_Carbon salmon 2022,3,2022-08-22,2022-08-28,34,weekday,Bank,NA,PE,effort,days_open,5,week
F2F6589E-058A-4214-ACD7-EA0467160577,District 11,Puyallup_Carbon salmon 2022,3,2022-08-22,2022-08-28,34,weekday,Bank,NA,PE,effort,degrees_freedom,8.5,week
F2F6589E-058A-4214-ACD7-EA0467160577,District 11,Puyallup_Carbon salmon 2022,3,2022-08-22,2022-08-28,34,weekend,Bank,NA,PE,effort,number_observations,0,week
F2F6589E-058A-4214-ACD7-EA0467160577,District 11,Puyallup_Carbon salmon 2022,3,2022-08-22,2022-08-28,34,weekend,Bank,NA,PE,effort,daily_variance,0,week
F2F6589E-058A-4214-ACD7-EA0467160577,District 11,Puyallup_Carbon salmon 2022,3,2022-08-22,2022-08-28,34,weekend,Bank,NA,PE,effort,days_open,2,week
F2F6589E-058A-4214-ACD7-EA0467160577,District 11,Puyallup_Carbon salmon 2022,3,2022-08-22,2022-08-28,34,weekend,Bank,NA,PE,effort,degrees_freedom,8.5,week
F2F6589E-058A-4214-ACD7-EA0467160577,District 11,Puyallup_Carbon salmon 2022,3,2022-08-29,2022-09-04,35,weekday,Bank,NA,PE,effort,number_observations,2,week
F2F6589E-058A-4214-ACD7-EA0467160577,District 11,Puyallup_Carbon salmon 2022,3,2022-08-29,2022-09-04,35,weekday,Bank,NA,PE,effort,daily_mean,1317.6272263109477,week
F2F6589E-058A-4214-ACD7-EA0467160577,District 11,Puyallup_Carbon salmon 2022,3,2022-08-29,2022-09-04,35,weekday,Bank,NA,PE,effort,daily_variance,90482.40389153006,week
F2F6589E-058A-4214-ACD7-EA0467160577,District 11,Puyallup_Carbon salmon 2022,3,2022-08-29,2022-09-04,35,weekday,Bank,NA,PE,effort,days_open,5,week
F2F6589E-058A-4214-ACD7-EA0467160577,District 11,Puyallup_Carbon salmon 2022,3,2022-08-29,2022-09-04,35,weekday,Bank,NA,PE,effort,degrees_freedom,8.5,week
F2F6589E-058A-4214-ACD7-EA0467160577,District 11,Puyallup_Carbon salmon 2022,3,2022-08-29,2022-09-04,35,weekday,Bank,NA,PE,effort,total_effort,6588.136131554738,week
F2F6589E-058A-4214-ACD7-EA0467160577,District 11,Puyallup_Carbon salmon 2022,3,2022-08-29,2022-09-04,35,weekend,Bank,NA,PE,effort,number_observations,1,week
F2F6589E-058A-4214-ACD7-EA0467160577,District 11,Puyallup_Carbon salmon 2022,3,2022-08-29,2022-09-04,35,weekend,Bank,NA,PE,effort,daily_mean,1654.7135326586938,week
F2F6589E-058A-4214-ACD7-EA0467160577,District 11,Puyallup_Carbon salmon 2022,3,2022-08-29,2022-09-04,35,weekend,Bank,NA,PE,effort,daily_variance,0,week
F2F6589E-058A-4214-ACD7-EA0467160577,District 11,Puyallup_Carbon salmon 2022,3,2022-08-29,2022-09-04,35,weekend,Bank,NA,PE,effort,days_open,1,week
F2F6589E-058A-4214-ACD7-EA0467160577,District 11,Puyallup_Carbon salmon 2022,3,2022-08-29,2022-09-04,35,weekend,Bank,NA,PE,effort,degrees_freedom,8.5,week
F2F6589E-058A-4214-ACD7-EA0467160577,District 11,Puyallup_Carbon salmon 2022,3,2022-08-29,2022-09-04,35,weekend,Bank,NA,PE,effort,total_effort,1654.7135326586938,week
F2F6589E-058A-4214-ACD7-EA0467160577,District 11,Puyallup_Carbon salmon 2022,3,2022-09-05,2022-09-11,36,weekday,Bank,NA,PE,effort,number_observations,2,week
F2F6589E-058A-4214-ACD7-EA0467160577,District 11,Puyallup_Carbon salmon 2022,3,2022-09-05,2022-09-11,36,weekday,Bank,NA,PE,effort,daily_mean,694.5161350045998,week
F2F6589E-058A-4214-ACD7-EA0467160577,District 11,Puyallup_Carbon salmon 2022,3,2022-09-05,2022-09-11,36,weekday,Bank,NA,PE,effort,daily_variance,42884.86183447923,week
F2F6589E-058A-4214-ACD7-EA0467160577,District 11,Puyallup_Carbon salmon 2022,3,2022-09-05,2022-09-11,36,weekday,Bank,NA,PE,effort,days_open,3,week
F2F6589E-058A-4214-ACD7-EA0467160577,District 11,Puyallup_Carbon salmon 2022,3,2022-09-05,2022-09-11,36,weekday,Bank,NA,PE,effort,degrees_freedom,8.5,week
F2F6589E-058A-4214-ACD7-EA0467160577,District 11,Puyallup_Carbon salmon 2022,3,2022-09-05,2022-09-11,36,weekday,Bank,NA,PE,effort,total_effort,2083.5484050137993,week
F2F6589E-058A-4214-ACD7-EA0467160577,District 11,Puyallup_Carbon salmon 2022,3,2022-09-05,2022-09-11,36,weekend,Bank,NA,PE,effort,number_observations,1,week
F2F6589E-058A-4214-ACD7-EA0467160577,District 11,Puyallup_Carbon salmon 2022,3,2022-09-05,2022-09-11,36,weekend,Bank,NA,PE,effort,daily_mean,979.1296228150874,week
F2F6589E-058A-4214-ACD7-EA0467160577,District 11,Puyallup_Carbon salmon 2022,3,2022-09-05,2022-09-11,36,weekend,Bank,NA,PE,effort,daily_variance,0,week
F2F6589E-058A-4214-ACD7-EA0467160577,District 11,Puyallup_Carbon salmon 2022,3,2022-09-05,2022-09-11,36,weekend,Bank,NA,PE,effort,days_open,1,week
F2F6589E-058A-4214-ACD7-EA0467160577,District 11,Puyallup_Carbon salmon 2022,3,2022-09-05,2022-09-11,36,weekend,Bank,NA,PE,effort,degrees_freedom,8.5,week
F2F6589E-058A-4214-ACD7-EA0467160577,District 11,Puyallup_Carbon salmon 2022,3,2022-09-05,2022-09-11,36,weekend,Bank,NA,PE,effort,total_effort,979.1296228150874,week
F2F6589E-058A-4214-ACD7-EA0467160577,District 11,Puyallup_Carbon salmon 2022,3,2022-09-12,2022-09-18,37,weekday,Bank,NA,PE,effort,number_observations,3,week
F2F6589E-058A-4214-ACD7-EA0467160577,District 11,Puyallup_Carbon salmon 2022,3,2022-09-12,2022-09-18,37,weekday,Bank,NA,PE,effort,daily_mean,656.3191407543698,week
F2F6589E-058A-4214-ACD7-EA0467160577,District 11,Puyallup_Carbon salmon 2022,3,2022-09-12,2022-09-18,37,weekday,Bank,NA,PE,effort,daily_variance,15880.564990671657,week
F2F6589E-058A-4214-ACD7-EA0467160577,District 11,Puyallup_Carbon salmon 2022,3,2022-09-12,2022-09-18,37,weekday,Bank,NA,PE,effort,days_open,3,week
F2F6589E-058A-4214-ACD7-EA0467160577,District 11,Puyallup_Carbon salmon 2022,3,2022-09-12,2022-09-18,37,weekday,Bank,NA,PE,effort,degrees_freedom,8.5,week
F2F6589E-058A-4214-ACD7-EA0467160577,District 11,Puyallup_Carbon salmon 2022,3,2022-09-12,2022-09-18,37,weekday,Bank,NA,PE,effort,total_effort,1968.9574222631093,week
F2F6589E-058A-4214-ACD7-EA0467160577,District 11,Puyallup_Carbon salmon 2022,3,2022-09-12,2022-09-18,37,weekend,Bank,NA,PE,effort,number_observations,1,week
F2F6589E-058A-4214-ACD7-EA0467160577,District 11,Puyallup_Carbon salmon 2022,3,2022-09-12,2022-09-18,37,weekend,Bank,NA,PE,effort,daily_mean,1032.9915110395584,week
F2F6589E-058A-4214-ACD7-EA0467160577,District 11,Puyallup_Carbon salmon 2022,3,2022-09-12,2022-09-18,37,weekend,Bank,NA,PE,effort,daily_variance,0,week
F2F6589E-058A-4214-ACD7-EA0467160577,District 11,Puyallup_Carbon salmon 2022,3,2022-09-12,2022-09-18,37,weekend,Bank,NA,PE,effort,days_open,1,week
F2F6589E-058A-4214-ACD7-EA0467160577,District 11,Puyallup_Carbon salmon 2022,3,2022-09-12,2022-09-18,37,weekend,Bank,NA,PE,effort,degrees_freedom,8.5,week
F2F6589E-058A-4214-ACD7-EA0467160577,District 11,Puyallup_Carbon salmon 2022,3,2022-09-12,2022-09-18,37,weekend,Bank,NA,PE,effort,total_effort,1032.9915110395584,week
F2F6589E-058A-4214-ACD7-EA0467160577,District 11,Puyallup_Carbon salmon 2022,3,2022-09-19,2022-09-25,38,weekday,Bank,NA,PE,effort,number_observations,3,week
F2F6589E-058A-4214-ACD7-EA0467160577,District 11,Puyallup_Carbon salmon 2022,3,2022-09-19,2022-09-25,38,weekday,Bank,NA,PE,effort,daily_mean,563.2498413063478,week
F2F6589E-058A-4214-ACD7-EA0467160577,District 11,Puyallup_Carbon salmon 2022,3,2022-09-19,2022-09-25,38,weekday,Bank,NA,PE,effort,daily_variance,11440.120553472656,week
F2F6589E-058A-4214-ACD7-EA0467160577,District 11,Puyallup_Carbon salmon 2022,3,2022-09-19,2022-09-25,38,weekday,Bank,NA,PE,effort,days_open,3,week
F2F6589E-058A-4214-ACD7-EA0467160577,District 11,Puyallup_Carbon salmon 2022,3,2022-09-19,2022-09-25,38,weekday,Bank,NA,PE,effort,degrees_freedom,8.5,week
F2F6589E-058A-4214-ACD7-EA0467160577,District 11,Puyallup_Carbon salmon 2022,3,2022-09-19,2022-09-25,38,weekday,Bank,NA,PE,effort,total_effort,1689.7495239190434,week
F2F6589E-058A-4214-ACD7-EA0467160577,District 11,Puyallup_Carbon salmon 2022,3,2022-09-19,2022-09-25,38,weekend,Bank,NA,PE,effort,number_observations,1,week
F2F6589E-058A-4214-ACD7-EA0467160577,District 11,Puyallup_Carbon salmon 2022,3,2022-09-19,2022-09-25,38,weekend,Bank,NA,PE,effort,daily_mean,1106.2272999080037,week
F2F6589E-058A-4214-ACD7-EA0467160577,District 11,Puyallup_Carbon salmon 2022,3,2022-09-19,2022-09-25,38,weekend,Bank,NA,PE,effort,daily_variance,0,week
F2F6589E-058A-4214-ACD7-EA0467160577,District 11,Puyallup_Carbon salmon 2022,3,2022-09-19,2022-09-25,38,weekend,Bank,NA,PE,effort,days_open,1,week
F2F6589E-058A-4214-ACD7-EA0467160577,District 11,Puyallup_Carbon salmon 2022,3,2022-09-19,2022-09-25,38,weekend,Bank,NA,PE,effort,degrees_freedom,8.5,week
F2F6589E-058A-4214-ACD7-EA0467160577,District 11,Puyallup_Carbon salmon 2022,3,2022-09-19,2022-09-25,38,weekend,Bank,NA,PE,effort,total_effort,1106.2272999080037,week
F2F6589E-058A-4214-ACD7-EA0467160577,District 11,Puyallup_Carbon salmon 2022,3,2022-09-26,2022-09-30,39,weekday,Bank,NA,PE,effort,number_observations,3,week
F2F6589E-058A-4214-ACD7-EA0467160577,District 11,Puyallup_Carbon salmon 2022,3,2022-09-26,2022-09-30,39,weekday,Bank,NA,PE,effort,daily_mean,405.8718408463661,week
F2F6589E-058A-4214-ACD7-EA0467160577,District 11,Puyallup_Carbon salmon 2022,3,2022-09-26,2022-09-30,39,weekday,Bank,NA,PE,effort,daily_variance,7135.444889644718,week
F2F6589E-058A-4214-ACD7-EA0467160577,District 11,Puyallup_Carbon salmon 2022,3,2022-09-26,2022-09-30,39,weekday,Bank,NA,PE,effort,days_open,3,week
F2F6589E-058A-4214-ACD7-EA0467160577,District 11,Puyallup_Carbon salmon 2022,3,2022-09-26,2022-09-30,39,weekday,Bank,NA,PE,effort,degrees_freedom,8.5,week
F2F6589E-058A-4214-ACD7-EA0467160577,District 11,Puyallup_Carbon salmon 2022,3,2022-09-26,2022-09-30,39,weekday,Bank,NA,PE,effort,total_effort,1217.6155225390985,week
